id,date,rating,platform,version,text
1,2026-07-13,5,iOS,4.8.2,"easy to use. finally saving money."
2,2026-07-13,3,iOS,4.8.2,"Hoping this sticks. So far so good."
3,2026-07-13,3,Android,4.8.2,"Pennywell is solid for tracking my own spending, but I really wish we could share one budget with my partner using separate logins."
4,2026-07-13,1,iOS,4.8.2,"Been locked out since the code quit coming. Just wanted to categorize last week's groceries."
5,2026-07-14,4,iOS,4.8.2,"used this for a year with chase and still can't share a household budget with my wife. two logins would fix everything."
6,2026-07-14,4,iOS,4.8.2,"finally feeling like i can get out of debt with this."
7,2026-07-14,3,Android,4.8.2,"Works fine for what I need."
8,2026-07-14,2,iOS,4.8.2,"support is basically a black hole lol"
9,2026-07-14,1,iOS,4.8.2,"reconnect just loops back to the login screen. over it."
10,2026-07-14,5,Android,4.8.2,"Linked my Wells Fargo in minutes and it's helped me stick to a real budget instead of guessing."
11,2026-07-14,1,iOS,4.8.2,"cant get the stupid code by text or email so i cant even open the app anymore. useless."
12,2026-07-14,1,iOS,4.8.2,"No text, no email, no access. Great."
13,2026-07-14,5,Android,4.8.2,"pennywell is so simple and i actually stuck to my budget for once"
14,2026-07-14,5,iOS,4.8.2,"so easy and my savings are growing 🙌"
15,2026-07-15,4,iOS,4.8.2,"New to budgeting and Pennywell made it painless. Already saved a little emergency fund."
16,2026-07-15,5,iOS,4.8.2,"been exhausted trying to track everything myself. this app just works and helped me pay down the card."
17,2026-07-15,3,iOS,4.8.2,"Pennywell is handy on my phone, but I really wish there was a web version so I could review everything on my laptop."
18,2026-07-15,1,Android,4.8.2,"Tried to fix a duplicate account and only got an automated message. There is no phone option and no live chat, so I am stuck."
19,2026-07-15,4,Android,4.8.2,"wow an app that doesn't confuse me and actually keeps me from overspending. shocking."
20,2026-07-15,1,Android,4.8.2,"Love waiting forever for a code that never comes. Really helps me budget while I'm locked out."
21,2026-07-16,2,iOS,4.8.2,"Code? What code?"
22,2026-07-16,1,iOS,4.8.2,"Wow, thanks for the copy-paste reply three days later. Really solved my missing transactions."
23,2026-07-16,3,iOS,4.8.2,"I like how it pulls in my Wells Fargo and credit card stuff automatically. What I keep hoping for is either a desktop app or a simple export to CSV so I can sort things my own way. If that showed up I'd stick with it for good."
24,2026-07-16,2,iOS,4.8.2,"Sure, it budgets. Eventually."
25,2026-07-16,1,iOS,4.8.2,"verification code never shows up. locked out."
26,2026-07-17,5,Android,4.8.2,"I was skeptical about another budgeting app after wasting time on complicated ones. Pennywell connected to my credit union fast and the categories make sense. I've paid off two small debts and still have money left at the end of the week. It's the first tool that doesn't feel like homework."
27,2026-07-17,1,iOS,4.8.2,"support never answers. days of silence."
28,2026-07-17,1,iOS,4.8.2,"Tried logging in to check my spending and the verification code just never arrives. Text and email both dead. Stuck outside my own budget."
29,2026-07-17,3,Android,4.8.2,"meh"
30,2026-07-17,3,iOS,4.8.2,"cool app, shame it traps all my chase data on a tiny screen"
31,2026-07-17,2,iOS,4.8.2,"code never came so im locked out of pennywell. was gonna link wells fargo."
32,2026-07-17,1,iOS,4.8.2,"Please fix the bank connection. I want this to work again."
33,2026-07-17,4,iOS,4.8.2,"been using this for a while and still no way to export my transactions to csv. just let me dump it into a spreadsheet."
34,2026-07-17,1,Android,4.8.2,"I've been trying for days to log back in but the verification code doesn't arrive. Please fix this."
35,2026-07-17,1,Android,4.8.2,"bank sync is dead. nothing imports anymore."
36,2026-07-17,5,Android,4.8.2,"honestly didnt think id stick with it but its easy and ive been saving without even trying hard"
37,2026-07-17,5,iOS,4.8.2,"I've used Pennywell since we opened our joint checking at Ally. The categories are clear and the bank sync rarely breaks. What we actually need is one household budget that both of us can open with our own logins, so I'm not screenshotting reports every weekend. Please add shared access."
38,2026-07-18,2,Android,4.8.2,"keeps asking me to log in again"
39,2026-07-18,4,iOS,4.8.2,"I connected my Chase account without trouble. The app is straightforward and has helped me save for a trip."
40,2026-07-18,2,Android,4.8.2,"Still hoping someone actually reads these tickets."
41,2026-07-18,3,iOS,4.8.2,"need a desktop version badly"
42,2026-07-18,4,Android,4.8.2,"been trying to set up a joint budget with my husband and the app just wont let us both log in. come on."
43,2026-07-18,2,iOS,4.8.2,"cant get ahold of anyone. days go by and my wells fargo link is dead."
44,2026-07-18,1,iOS,4.8.2,"Love paying for an app that can't stay linked to my bank. Super useful."
45,2026-07-18,3,iOS,4.8.2,"need shared budgets. two logins. that's it."
46,2026-07-18,1,iOS,4.8.2,"Verification code never arrives 😡 can't log in at all."
47,2026-07-18,2,Android,4.8.2,"emailed about my chase sync and still nothing. no chat, no phone, just waiting."
48,2026-07-19,2,Android,4.8.2,"I really liked tracking everything in one place until the login code stopped arriving. I've checked spam, requested it again, tried email and text, nothing. Now I can't see any of my accounts."
49,2026-07-19,2,iOS,4.8.2,"does the job"
50,2026-07-19,5,iOS,4.8.2,"super easy too use and i saved like 200 already on groceries"
51,2026-07-19,1,iOS,4.8.2,"I've used Pennywell for a while and the budgeting side is fine, but customer support is painfully slow. A canned reply after several days doesn't help when my bank connection is broken."
52,2026-07-19,2,Android,4.8.2,"Still hoping the code will finally arrive so I can see my chase account again. Used it for a while before this."
53,2026-07-19,4,Android,4.8.2,"no family sharing. useless for us."
54,2026-07-19,1,iOS,4.8.2,"I've used Pennywell for a long time, but my accounts keep disconnecting and transactions stopped importing."
55,2026-07-19,4,iOS,4.8.2,"ok"
56,2026-07-19,3,Android,4.8.2,"love logging in alone to argue about money we both spent. a household budget with two logins? too advanced apparently."
57,2026-07-19,5,iOS,4.8.2,"mad i waited so long. this thing is simple and knocked out my credit card balance."
58,2026-07-20,3,Android,4.8.2,"desktop or web version please i cant budget properly on my phone"
59,2026-07-20,1,Android,4.8.2,"Locked out. Code never arrives."
60,2026-07-20,5,iOS,4.8.2,"budget finally sticks 😊"
61,2026-07-20,5,iOS,4.8.2,"After years of spreadsheet guilt I tried Pennywell. Setup took one evening with my accounts linked. The reminders are gentle and I've paid extra on my loan every week. Simple enough that I keep opening it."
62,2026-07-20,2,Android,4.8.2,"Been with the app a long time. Support used to feel reachable. Now it is days of nothing and then a script."
63,2026-07-20,1,iOS,4.8.2,"Wanted to review my capital one transactions but the login code refuses to come through text or email."
64,2026-07-20,1,iOS,4.8.2,"I requested the verification code several times and it hasn't arrived by text or email. I'd like to log in and update my categories."
65,2026-07-20,4,iOS,4.8.2,"would be nice if i could export transcations to a spreadsheet. phone only is rough."
66,2026-07-21,1,iOS,4.8.2,"this app wont send the login code no matter how many times i hit resend. text nothing email nothing. cant budget if i cant get in."
67,2026-07-21,5,Android,4.8.2,"connected boa and boom budget stuck to it 💰"
68,2026-07-21,1,iOS,4.8.2,"I only needed a password reset hint and it took forever to hear back, and the answer didn't even fit."
69,2026-07-21,5,iOS,4.8.2,"i think i can finally clear this debt because the app isnt complicated"
70,2026-07-21,4,iOS,4.8.2,"I've used Pennywell long enough to know I need my Ally transactions in a spreadsheet and there is still no export."
71,2026-07-21,1,iOS,4.8.2,"Every time I try to reconnect Wells Fargo it dumps me back at the login screen. Accounts drop overnight and no new transactions come in. I used this daily and now it's useless for budgeting."
72,2026-07-21,2,Android,4.8.2,"Does what it says."
73,2026-07-21,4,iOS,4.8.2,"Would be five stars if partners could share a budget."
74,2026-07-21,5,Android,4.8.2,"too tired to budget manually anymore. pennywell handles it and the debt is shrinking."
75,2026-07-22,1,iOS,4.8.2,"Maybe they'll send the code eventually. Still waiting."
76,2026-07-22,4,iOS,4.8.2,"My sister and I split rent and groceries. We'd love a shared Pennywell budget with our own logins instead of passing a password."
77,2026-07-22,2,iOS,4.8.2,"No chat. No phone. No help."
78,2026-07-23,1,iOS,4.8.2,"Fingers crossed the code shows up soon so I can get back to my budget 🤞"
79,2026-07-23,5,iOS,4.8.2,"eas y to use helped me save"
80,2026-07-23,3,Android,4.8.2,"almost perfect for our family budget 🙏 just need two logins so my partner can see it too."
81,2026-07-23,2,Android,4.8.2,"i asked why my capital one card wont import and got a canned email that ignored the question."
82,2026-07-23,4,iOS,4.8.2,"no csv export? come on."
83,2026-07-23,2,iOS,4.8.2,"Capital One disconnected and reconnecting fails every time. No transactions for days."
84,2026-07-23,4,Android,4.8.2,"Used it with my local bank to track rent and food and I've stayed under budget for weeks."
85,2026-07-23,4,Android,4.8.2,"yeah sure another budget app... except this one actually works and i stopped blowing my paycheck."
86,2026-07-23,1,iOS,4.8.2,"Sync broken again."
87,2026-07-23,1,Android,4.8.2,"ugh the code still hasnt arrived. been using this for months and now nothing."
88,2026-07-24,4,Android,4.8.2,"miraculously easy and my wallet noticed."
89,2026-07-24,5,Android,4.8.2,"Useless half the time."
90,2026-07-24,2,iOS,4.8.2,"Fantastic security. So secure that even I can't get in because the code never shows up on my phone or in my inbox. Bravo."
91,2026-07-24,4,iOS,4.8.2,"Tired of exporting everything so my husband can see the numbers. Household budget, two logins. Please."
92,2026-07-24,3,iOS,4.8.2,"Not bad. Linked my chase account and left it."
93,2026-07-24,5,Android,4.8.2,"one login for two people. brilliant design."
94,2026-07-24,5,iOS,4.8.2,"Pretty okay overall."
95,2026-07-24,3,Android,4.8.2,"love the bank sync but please add csv export 🙏"
96,2026-07-24,3,iOS,4.8.2,"wish i could share a budget with my partner. two logins for one household. thats all."
97,2026-07-25,1,Android,4.8.2,"trasactions stopped showing up after the last update. chase wont stay connected."
98,2026-07-25,1,Android,4.8.2,"Still waiting on support 🙃"
99,2026-07-25,2,Android,4.8.2,"The verifcation code dosent come by text or email so Im completely locked out. Had it connected to bank of america."
100,2026-07-25,1,iOS,4.8.2,"Oh sure the code is definately on its way. Any decade now. Locked out of my citi account view."
101,2026-07-25,1,iOS,4.8.2,"Every single time I try to sign in Pennywell asks for a code that never lands in my texts or my email. I refreshed, I waited, I used a different number, still nothing. I just wanted to see if I was over budget this week and instead I'm completely shut out."
102,2026-07-25,3,iOS,4.8.2,"its fine i guess"
103,2026-07-25,1,iOS,4.8.2,"Love the silence."
104,2026-07-25,2,Android,4.8.2,"The app icon looks like a sad coin. I keep missing it on my screen."
105,2026-07-25,2,Android,4.8.2,"Customer service does not appear to offer a phone line or chat. Responses, when they arrive, are generic and late."
106,2026-07-25,1,Android,4.8.2,"Could someone look into why the verification codes aren't being delivered? I'm unable to access my account."
107,2026-07-26,4,iOS,4.8.2,"does what it says. easy. saved money."
108,2026-07-26,1,iOS,4.8.2,"Never got the code. App is trash now."
109,2026-07-26,5,Android,4.8.2,"My husband and I both use it with our joint Chase account. Very easy and we saved for the car repair."
110,2026-07-26,5,iOS,4.8.2,"Great app for solo budgeting. Please add a way for couples to share a household budget with two separate logins."
111,2026-07-26,5,iOS,4.8.2,"easy app, debt going down, feeling better."
112,2026-07-26,3,Android,4.8.2,"A browser version would make reconciling my accounts far easier than scrolling on mobile."
113,2026-07-26,3,Android,4.8.2,"Connected both our Capital One accounts and still can't give my spouse a login to the same budget. So frustrating."
114,2026-07-27,5,iOS,4.8.2,"Started using it to control weekend spending and it's been easy to check before I buy."
115,2026-07-27,1,Android,4.8.2,"Unhelpful and slow."
116,2026-07-27,5,iOS,4.8.2,"The product would better serve households if a single budget could be accessed by two authenticated users."
117,2026-07-27,1,Android,4.8.2,"accounts keep disconnecting and the import just stopped. annoying."
118,2026-07-27,5,iOS,4.8.2,"Look I hate apps that need a manual. Pennywell asked for my bank, I picked the credit union, and that was it. Groceries, gas, fun money all visible. I've saved more in a short time than the whole last year of trying. Recommend if you're done with complicated stuff."
119,2026-07-27,3,iOS,4.8.2,"I have asked for shared logins since we got married. Pennywell connects fine to our credit union, categories work, alerts work, and then one of us is locked out of the plan we both pay for. A household budget with two logins is not a luxury. Stop making couples share a password."
120,2026-07-27,1,iOS,4.8.2,"Please send the login code. I can't access my account."
121,2026-07-28,1,iOS,4.8.2,"Reconnect loop 🙄 bank login, then right back to the start."
122,2026-07-28,1,iOS,4.8.2,"Four follow-ups and still a robot reply. This is ridiculous."
123,2026-07-28,2,Android,4.8.2,"I just wanted my paycheck categorized right. Instead I got nothing for days and then a reply that could have gone to anyone."
124,2026-07-28,1,iOS,4.8.2,"Tried three times to relink Bank of America. It keeps failing."
125,2026-07-28,4,iOS,4.8.2,"meh 😐"
126,2026-07-28,5,iOS,4.8.2,"another 'life changing' finance app right? except i actually stopped eating out every night and the numbers went up. fine, it works."
127,2026-07-28,1,Android,4.8.2,"No verification code = no login. Simple."
128,2026-07-29,4,Android,4.8.2,"simple enough for my tired brain. debt lower."
129,2026-07-29,4,iOS,4.8.2,"Fine."
130,2026-07-29,3,Android,4.8.2,"Please add a way to download transactions as CSV."
131,2026-07-29,2,Android,4.8.2,"If a real person could look at my Bank of America connection, I'd happily stay. Right now support feels absent."
132,2026-07-29,1,iOS,4.8.2,"Tried to log in on my phone to split a bill and the code just doesn't arrive. Email or text, same result."
133,2026-07-29,2,Android,4.8.2,"works mostley"
134,2026-07-29,2,iOS,4.8.2,"I set it up with my bank and then forgot about it for a while. Opened it today and nothing was on fire. That is about all I wanted."
135,2026-07-29,1,iOS,4.8.2,"hi the verification code isnt arriving so i cant log in. thanks for any help."
136,2026-07-29,3,iOS,4.8.2,"Maybe this one will last."
137,2026-07-29,2,iOS,4.8.2,"My favorite feature is being locked out forever because the code is imaginary 😂"
138,2026-07-29,4,Android,4.8.2,"cant share with my gf. we both bank at wells fargo and want one household budget."
139,2026-07-29,3,Android,4.8.2,"My partner and I both want to look at the numbers on a computer. A shared web version would help a lot."
140,2026-07-29,4,Android,4.8.2,"ok so the sync with pnc is fine but me and my roommate need a shared budget not one account we fight over"
141,2026-07-29,1,iOS,4.8.2,"Trying to set up a shared budget and support left me hanging. Kids' expenses don't pause while a ticket sits."
142,2026-07-30,4,iOS,4.8.2,"If you add partner sharing with separate logins I'll happily keep paying."
143,2026-07-30,2,Android,4.8.2,"Wont send the code!! Locked out of everything i connected, chase and everything."
144,2026-07-30,4,Android,4.8.2,"soo easy saved cash 💸"
145,2026-07-30,4,iOS,4.8.2,"furious at how much i wasted before. this easy app fixed my spending."
146,2026-07-30,2,Android,4.8.2,"Code never arrives. Fix your login."
147,2026-07-30,1,Android,4.8.2,"I don't even know how long I've been refreshing my messages waiting for that verification code. It never shows. I had all my cards linked and now I can't see a single transaction or budget limit."
148,2026-07-30,4,iOS,4.8.2,"Why is this so slow to open."
149,2026-07-30,3,iOS,4.8.2,"wher is the csv download? i need my data off this app"
150,2026-07-30,3,Android,4.8.2,"Tried to pull my Capital One history into Excel and realized Pennywell won't let me. A web login or an export button would fix the whole problem for me."
151,2026-07-31,4,Android,4.8.2,"conected my wells fargo no problem and ive been saving insted of spending it all"
152,2026-07-31,2,Android,4.8.2,"Great budgeting app if you enjoy typing everything by hand."
153,2026-07-31,4,iOS,4.8.2,"love the charts! just let my husband log in too 💛"
154,2026-07-31,2,iOS,4.8.2,"Linked my credit union, transactions vanished, and I wrote support. No chat, so email only. They answered with a template that didn't mention credit unions at all."
155,2026-07-31,2,Android,4.8.2,"suppport took days and then sent the same help article i already tried."
156,2026-07-31,1,iOS,4.8.2,"Used Pennywell happily until the codes stopped. Hoping support can get me back in to my us bank accounts."
157,2026-07-31,1,Android,4.8.2,"Text never comes, email never comes. How am I supposed to use a budgeting app I can't open?"
158,2026-07-31,5,iOS,4.8.2,"ok so this app is dead simple and i paid off the store card"
159,2026-08-01,4,iOS,4.8.2,"Bank of America connection was smooth. Helped me save the down payment bit by bit."
160,2026-08-01,2,iOS,4.8.2,"Transactions are no longer importing from my linked accounts."
161,2026-08-01,4,Android,4.8.2,"Please keep it this simple. It has already helped our family stick to the household budget."
162,2026-08-01,1,Android,4.8.2,"Ticket opened. Days passed. Canned answer. Issue remains."
163,2026-08-01,1,Android,4.8.2,"yeah the code will arrive any second now. sure. locked out again."
164,2026-08-02,5,Android,4.8.2,"easy helped me pay off debt"
165,2026-08-02,1,iOS,4.8.2,"Code didn't come. Can't get into the app to check my ally savings."
166,2026-08-02,5,Android,4.8.2,"Connected Wells Fargo without much drama."
167,2026-08-02,5,Android,4.8.2,"I wanted something that wouldn't overwhelm me while I pay off student loans. Pennywell links cleanly and shows what's left without jargon. Three payments ahead already and I still bought groceries. Hopeful this keeps going."
168,2026-08-02,4,iOS,4.8.2,"If they ever ship a web app I'll move all my budgeting over."
169,2026-08-02,1,Android,4.8.2,"Can't receive the verification code by text or email so I'm locked out. Was trying to set a new grocery budget."
170,2026-08-02,1,Android,4.8.2,"Still no code. Giving up."
171,2026-08-02,5,iOS,4.8.2,"pennywell easy and i stick to budget now no joke"
172,2026-08-02,3,Android,4.8.2,"No desktop client. No spreadsheet export. Limited."
173,2026-08-02,5,iOS,4.8.2,"Very easy to use and helpful for saving."
174,2026-08-03,1,iOS,4.8.2,"Needed to unlink an old Citibank login. Support replied late with steps for a totally different bank."
175,2026-08-03,5,Android,4.8.2,"feeling like the debt might actually disappear if i keep this easy habit"
176,2026-08-03,1,Android,4.8.2,"Verification texts and emails both fail so I can't get back into the account I use for my discover card spending."
177,2026-08-03,2,iOS,4.8.2,"Code never came 😞 just wanted to check my balance trends."
178,2026-08-03,1,iOS,4.8.2,"If they fix the bank sync I'll come back. Right now nothing imports."
179,2026-08-03,5,Android,4.8.2,"Straightforward design that helped me reduce unnecessary spending."
180,2026-08-03,5,Android,4.8.2,"super easy saving money at last"
181,2026-08-03,4,iOS,4.8.2,"dont know why i didnt get this sooner its easy and budget sticks"
182,2026-08-04,2,Android,4.8.2,"Useless support."
183,2026-08-04,2,iOS,4.8.2,"Not angry, just tired of waiting on a human."
184,2026-08-04,4,iOS,4.8.2,"Wow. A budget app that budgets."
185,2026-08-04,2,Android,4.8.2,"Locked out, no code ever."
186,2026-08-04,5,Android,4.8.2,"works. saving. 🙂"
187,2026-08-04,2,iOS,4.8.2,"Whoever picked that skinny font should try reading it on a bus."
188,2026-08-04,1,iOS,4.8.2,"Still hopeing the email code comes through. Miss seeing my spending."
189,2026-08-04,5,iOS,4.8.2,"Trying to save for a used car. App is easy and the pot is growing."
190,2026-08-04,1,iOS,4.8.2,"I've followed all the steps but the verification code still hasn't arrived. This prevents me from using the app."
191,2026-08-05,3,iOS,4.8.2,"I budget our groceries and he handles the car payment. A shared household view with separate logins would stop the double entry."
192,2026-08-05,4,Android,4.8.2,"Just want to export everything to a spreadsheet and be done."
193,2026-08-05,4,Android,4.8.2,"please let families share one budget with two logins. we've used it a long time."
194,2026-08-05,4,iOS,4.8.2,"another budgeting app that forgets people own laptops"
195,2026-08-05,4,Android,4.8.2,"Bank link to USAA is reliable. Family access is nonexistent."
196,2026-08-05,1,Android,4.8.2,"I have requested the verification code over and over. It does not arrive by text. It does not arrive by email. I am locked out of Pennywell and cannot see any of my bank data. This is ridiculous."
197,2026-08-05,5,iOS,4.8.2,"hate how broke i was. this fixed it easy."
198,2026-08-05,4,Android,4.8.2,"Still no shared budget. Annoying."
199,2026-08-06,5,Android,4.8.2,"Connected two accounts and the overview is clear. Paying down the personal loan faster than planned."
200,2026-08-06,2,iOS,4.8.2,"I have used this for my monthly bills and it mostly works until something breaks. Then you discover there is no chat and no phone and the email team sends the same three sentences."
201,2026-08-06,1,iOS,4.8.2,"Nothing says good budgeting like staring at a login screen because your magic code is lost in the void."
202,2026-08-06,1,Android,4.8.2,"Waiting on that code still. Hope it works soon."
203,2026-08-06,4,iOS,4.8.2,"shockingly not annoying and my savings exist now."
204,2026-08-06,2,iOS,4.8.2,"no phone number anywhere. emailed twice about ally bank and got canned stuff."
205,2026-08-06,3,iOS,4.8.2,"no web version and no export. stuck."
206,2026-08-07,5,iOS,4.8.2,"linked capital one and watching the balance drop feels good 💪"
207,2026-08-07,4,iOS,4.8.2,"We tried to plan a vacation fund together. I made the budget, he couldn't open it without my password. Two logins, please."
208,2026-08-07,2,Android,4.8.2,"Anybody home? 😞"
209,2026-08-07,3,iOS,4.8.2,"Syncs fine with my local credit union, but I can't export a CSV to check categories myself."
210,2026-08-07,2,iOS,4.8.2,"my credit union keeps disconecting. cant get past login."
211,2026-08-07,2,Android,4.8.2,"I use it to glance at spending and that is it."
212,2026-08-07,4,Android,4.8.2,"yeah its alright"
213,2026-08-07,4,iOS,4.8.2,"Great mobile experience! A desktop version would make it perfect."
214,2026-08-08,1,iOS,4.8.2,"no kode ever. locked out."
215,2026-08-08,1,iOS,4.8.2,"Just trying to log in after work and the code won't show up. Same problem on email."
216,2026-08-08,1,iOS,4.8.2,"Please add chat or a phone line. Email alone, with multi-day delays and stock replies, isn't enough when money data is wrong."
217,2026-08-08,4,Android,4.8.2,"Works well until you try to budget as a couple. No second login for the same household plan."
218,2026-08-08,1,iOS,4.8.2,"Days without an answer. Then nonsense."
219,2026-08-09,1,Android,4.8.2,"I've been patient but the disconnects won't stop. Sync is broken."
220,2026-08-09,1,Android,4.8.2,"This is ridiculous. Accounts drop and reconnecting loops forever."
221,2026-08-09,1,Android,4.8.2,"So I open the app, it wants a code, I request it, and then nothing. Not in texts, not in email, not in spam. I was midway through linking my credit union and now I can't finish or even look at what I already had."
222,2026-08-09,2,Android,4.8.2,"I have had it for a bit now. Nothing fancy, but it has not broken on me."
223,2026-08-09,1,iOS,4.8.2,"seriously the code never gets sent. i cant log into pennywell at all anymore."
224,2026-08-09,1,iOS,4.8.2,"Amazing system. You wait, you get a paragraph that says check the FAQ, and there is nobody to call. Budgeting app, support vacuum."
225,2026-08-09,4,iOS,4.8.2,"I work nights and never had energy for finance apps that want ten steps. Pennywell is quick. Linked my account, set a few limits, and I've saved the overage every week toward the credit card. Still tired but less broke."
226,2026-08-09,5,Android,4.8.2,"its easy to use and i finaly stuck to a budget with my chase card"
227,2026-08-09,5,iOS,4.8.2,"After ignoring my finances I let Pennywell connect and now I stick to what I set."
228,2026-08-09,5,Android,4.8.2,"Gets the job done."
229,2026-08-09,3,Android,4.8.2,"Nothing says teamwork like emailing CSV files because Pennywell thinks a marriage is one person with one password."
230,2026-08-10,1,iOS,4.9.0,"code doesnt come. cant login. waste."
231,2026-08-10,4,Android,4.9.0,"The notification sound is this tiny ding that I somehow hear across the apartment."
232,2026-08-10,4,Android,4.9.0,"helped me save. eazy app."
233,2026-08-10,1,Android,4.9.0,"Do not expect timely help."
234,2026-08-10,2,Android,4.9.0,"ok i suppose"
235,2026-08-10,4,iOS,4.9.0,"Everyone swore their app was easy. Most weren't. Pennywell actually is. I hooked up Wells Fargo, set a spending cap, and stopped the daily coffee leak. Savings account looks less sad. I'll allow myself to be impressed."
236,2026-08-10,1,Android,4.9.0,"Canned reply number four. Still no fix for the duplicate charges view."
237,2026-08-10,5,iOS,4.9.0,"on track to clear the card. app stays simple."
238,2026-08-11,4,iOS,4.9.0,"this app refuses a seccond login. my partner and i are done waiting."
239,2026-08-11,5,Android,4.9.0,"Add household sharing and I'm staying."
240,2026-08-11,3,Android,4.9.0,"hate how it nags"
241,2026-08-11,1,Android,4.9.0,"Still no verification code in text or email 😩 locked out of my own money view."
242,2026-08-11,3,Android,4.9.0,"Trying to be better with money. App is helping a little."
243,2026-08-11,3,Android,4.9.0,"Synced my credit union after two tries. Fine after that."
244,2026-08-11,2,iOS,4.9.0,"Maybe my message is in a queue. Maybe not. Hard to tell when nobody writes back."
245,2026-08-11,1,iOS,4.9.0,"wated days for help with pnc and got a generic email. no chat option at all."
246,2026-08-11,4,Android,4.9.0,"easy to use and debt is going down 🎉"
247,2026-08-11,5,iOS,4.9.0,"pennywell conects fast to my bank and i have stuck to the grocery budget which never happened before lol"
248,2026-08-11,2,Android,4.9.0,"The app connects accounts well until it doesn't. Getting help is the weak part: slow, scripted, and impossible to reach live."
249,2026-08-11,2,iOS,4.9.0,"So I wrote in about categories not saving. Silence, then a help-center link. That's the whole support experience."
250,2026-08-12,5,iOS,4.9.0,"Didn't have the bandwidth for complex tools. This one helped me save anyway."
251,2026-08-12,3,iOS,4.9.0,"works on my phone 🙂 still waiting on a desktop site"
252,2026-08-12,3,Android,4.9.0,"Switched from another app hoping for couple features. Still can't share the budget with my partner."
253,2026-08-12,4,iOS,4.9.0,"Paid off the medical bill by following the simple plan it showed me."
254,2026-08-12,4,Android,4.9.0,"Hey Pennywell team, parents and kids splitting bills would love a household budget with two logins."
255,2026-08-12,1,Android,4.9.0,"login screen loop is all i get. transactions stopped. waste of time."
256,2026-08-12,1,iOS,4.9.0,"Could you look at the connection issue? My bank won't stay linked."
257,2026-08-12,1,iOS,4.9.0,"Hello, I am unable to receive the verification code required to log in. I have tried both text message and email multiple times without success. I would appreciate being able to access my account again so I can continue budgeting."
258,2026-08-13,2,iOS,4.9.0,"Won't reconnect."
259,2026-08-13,1,iOS,4.9.0,"Stopped getting the login code completely. Can't access the budgets I built around my wells fargo checking."
260,2026-08-13,4,iOS,4.9.0,"PLEASE add shared budgets for partners."
261,2026-08-13,2,iOS,4.9.0,"Used it for months with no issues. Now PNC transactions stopped importing completely."
262,2026-08-14,4,iOS,4.9.0,"so i linked chase yesterday vibe and already see where i can cut and save"
263,2026-08-14,3,iOS,4.9.0,"I was trying to hand my year of spending to my accountant. Pennywell connects to the bank no problem, yet there's no CSV or spreadsheet option, so I had to retype it. That's the missing piece."
264,2026-08-14,5,Android,4.9.0,"guess i'll keep using the one app that doesn't make me want to quit and maybe be debt free."
265,2026-08-14,5,Android,4.9.0,"Kind app, real savings."
266,2026-08-14,3,iOS,4.9.0,"Not sure why a budgeting tool won't let me take my own transactions out as a file."
267,2026-08-14,2,iOS,4.9.0,"the verification code never arrives for me so i remain locked out. sorry to bother."
268,2026-08-15,5,iOS,4.9.0,"I appreciate how little fuss there is. My credit union synced right away and the budget view is calm. We've put extra toward the mortgage and still covered bills. Thank you for keeping it usable."
269,2026-08-15,5,iOS,4.9.0,"need two logins for one home budget."
270,2026-08-15,5,iOS,4.9.0,"easy save win"
271,2026-08-15,3,iOS,4.9.0,"another night reconciling alone 😩 let my wife in with her own login."
272,2026-08-15,3,Android,4.9.0,"Good enough."
273,2026-08-16,4,iOS,4.9.0,"Been on it since I linked my checking account. Would love a web version for bigger screen planning."
274,2026-08-16,2,iOS,4.9.0,"If the code ever decides to arrive I'll be right back to tracking everything."
275,2026-08-16,5,iOS,4.9.0,"Not great."
276,2026-08-16,2,iOS,4.9.0,"Accounts disconnected again 😞 imports are empty."
277,2026-08-16,1,iOS,4.9.0,"still no reply about my navy federal sync"
278,2026-08-16,3,Android,4.9.0,"Export to CSV. That's all I'm asking."
279,2026-08-16,1,iOS,4.9.0,"Hoping the next reply is from a person."
280,2026-08-16,1,iOS,4.9.0,"Superb delivery service for codes. Zero stars in my heart."
281,2026-08-16,5,iOS,4.9.0,"I've used it through two jobs. The missing piece is sharing a budget with my spouse, each with a login."
282,2026-08-17,4,iOS,4.9.0,"finaly an app thats easy and helps me stick to budget"
283,2026-08-17,1,Android,4.9.0,"Thanks for the auto reply, super personal 👍"
284,2026-08-17,2,iOS,4.9.0,"There is no live support channel. Email responses take days and do not address the bank error."
285,2026-08-17,3,iOS,4.9.0,"Categories are weird but I ignore them."
286,2026-08-17,1,iOS,4.9.0,"Wanted to reconnect my pnc account but can't even get past the code that never arrives."
287,2026-08-18,4,iOS,4.9.0,"Was pissed at my spending habits until this easy tracker made me face them and pay debt."
288,2026-08-18,4,iOS,4.9.0,"Hoping the next update includes a spreadsheet export!"
289,2026-08-18,1,iOS,4.9.0,"Chase account keeps disconnecting mid week. No new charges show up."
290,2026-08-18,2,Android,4.9.0,"Scripted answers only. Don't bother."
291,2026-08-18,4,Android,4.9.0,"simple. useful. saved cash."
292,2026-08-19,1,iOS,4.9.0,"been emailing about a frozen budget for days. same reply every time."
293,2026-08-19,5,Android,4.9.0,"Helped me pay off debt without confusion."
294,2026-08-19,4,Android,4.9.0,"Kindly consider two logins on one family budget."
295,2026-08-19,4,Android,4.9.0,"share with my wife already."
296,2026-08-19,1,Android,4.9.0,"Sync works great if your goal is zero data."
297,2026-08-19,4,iOS,4.9.0,"too wiped to think hard but still saving 😴💰"
298,2026-08-19,2,iOS,4.9.0,"Every login attempt ends the same way. No code. I just needed to mark a few expenses from my debit card."
299,2026-08-20,4,Android,4.9.0,"i kept failing at budgets because apps were messy. pennywell is plain. my bank connected, i set limits, and i have money left. paid a chunk of the loan. gonna keep going."
300,2026-08-20,5,Android,4.9.0,"budget that i actually follow now thanks pennywell 👍"
301,2026-08-20,4,iOS,4.9.0,"Sat down to sort my US Bank charges and hit a wall. No export, no web login, just the phone app."
302,2026-08-20,5,Android,4.9.0,"My kid said the logo looks like a lemon. Now I cannot unsee it."
303,2026-08-20,4,Android,4.9.0,"Saving for the kids' activities feels possible with how simple this is."
304,2026-08-20,5,iOS,4.9.0,"I opened Pennywell hoping it wouldn't be another abandoned download. Linking accounts was quick. I made a debt payoff bucket and a small fun budget. Both are working. I feel hopeful instead of stuck for the first time in a long while."
305,2026-08-20,1,Android,4.9.0,"This app wont deliver the verfication code so im locked out for good apparently."
306,2026-08-20,4,iOS,4.9.0,"does the job nothing more"
307,2026-08-20,1,Android,4.9.0,"I like the idea of Pennywell, but when my USAA feed stalled I couldn't reach anyone who would actually look."
308,2026-08-20,5,Android,4.9.0,"My credit union feed updates cleanly and I've stayed inside the food budget."
309,2026-08-20,2,iOS,4.9.0,"Code's probably stuck in traffic."
310,2026-08-20,3,iOS,4.9.0,"Tired of apps that hoard my transaction list."
311,2026-08-21,3,Android,4.9.0,"Give us a desktop app or at least CSV downloads."
312,2026-08-21,2,Android,4.9.0,"whatever 🤷"
313,2026-08-21,2,iOS,4.9.0,"Hoping the bank sync gets repaired soon. Reconnect currently fails."
314,2026-08-21,3,Android,4.9.0,"I am too tired to switch apps so this stays."
315,2026-08-21,5,iOS,4.9.0,"Me and my boyfriend both have Chase. We want one budget, two logins, not a shared password situation."
316,2026-08-21,4,Android,4.9.0,"Fine for quick checks. Useless when I need a spreadsheet."
317,2026-08-21,5,Android,4.9.0,"fine it works and i'm less poor."
318,2026-08-22,1,Android,4.9.0,"Broken. Stopped importing. Fix it."
319,2026-08-22,2,iOS,4.9.0,"Waited and waited. Nothing useful."
320,2026-08-22,3,Android,4.9.0,"wow a budgeting app that forgot people live together 🙃"
321,2026-08-22,2,iOS,4.9.0,"Ally and my local credit union both dropped. Reconnecting fails or sends me back to sign in. I can't budget without the transactions."
322,2026-08-22,3,iOS,4.9.0,"Linked our SoFi accounts last winter and the sync is clean, but there's no way for both of us to own the budget."
323,2026-08-22,3,Android,4.9.0,"pls add csv expoort or a web app, this is hard to use only on mobile"
324,2026-08-22,4,Android,4.9.0,"Every Sunday I sit down and update the household numbers while he asks what category the takeout hit. If Pennywell let us both sign in to the same budget, that ritual could be a conversation instead of a report I deliver. The bank connections are fine. The access model is stuck in single-player mode."
325,2026-08-23,4,iOS,4.9.0,"yeah it's easy and yeah i saved for once"
326,2026-08-23,5,iOS,4.9.0,"Thank you, it works."
327,2026-08-23,4,Android,4.9.0,"We use it for our joint budget at a small regional bank. Clear and it has kept us from overdrafts while we save."
328,2026-08-23,1,Android,4.9.0,"I was trying to export a year of spending and the file came out empty. Support eventually sent a standard troubleshooting list and never followed up. No phone, no chat."
329,2026-08-24,3,iOS,4.9.0,"I like how simple the envelopes feel. I just wish my partner could open the same ones."
330,2026-08-24,1,Android,4.9.0,"Hey, the app is cute until you need a human. Then it's silence and templates."
331,2026-08-24,5,Android,4.9.0,"Used it to stop impulse buys on my debit card and the savings grew."
332,2026-08-24,2,Android,4.9.0,"I cannot believe there is still no phone support."
333,2026-08-24,4,iOS,4.9.0,"Passable."
334,2026-08-24,2,Android,4.9.0,"Imports stopped."
335,2026-08-24,2,Android,4.9.0,"Support moves at a glacial pace."
336,2026-08-25,5,iOS,4.9.0,"I canceled almost, because we can't both see the budget without sharing credentials for our credit union login too. Risky."
337,2026-08-25,1,Android,4.9.0,"I signed up when premium was 4.99 and it felt fair for auto-categorizing my spending. Pushing it to 7.99 without much new stuff is a letdown. I'll keep the free version and move the goals elsewhere."
338,2026-08-25,2,iOS,4.9.0,"Been on it since my first apartment. The jump from 4.99 to 7.99 is annoying, but my categories are already set up so I'll grumble and keep it."
339,2026-08-25,3,iOS,4.9.0,"prety basic but usable"
340,2026-08-25,3,iOS,4.9.0,"still solo. we are not."
341,2026-08-25,1,Android,4.9.0,"Nothing says reliable like a bank link that evaporates overnight."
342,2026-08-25,3,Android,4.9.0,"Excellent at pretending my partner doesn't exist."
343,2026-08-25,2,Android,4.9.0,"Not worth 7.99 a month for me anymore."
344,2026-08-25,5,iOS,4.9.0,"sticks to my budget. love that."
345,2026-08-26,1,iOS,4.9.0,"Too many disconnects. I stopped opening the app."
346,2026-08-26,2,iOS,4.9.0,"price went form 4.99 to 7.99 and im out. was trying to track rent and groceries"
347,2026-08-26,1,Android,4.9.0,"recieved a canned email after waiting forever. didnt fix the discover card issue."
348,2026-08-26,1,Android,4.9.0,"The login verification code is not reaching me by text or by email. As a result I cannot open the app."
349,2026-08-26,2,iOS,4.9.0,"No code no entry. Done with this."
350,2026-08-26,1,Android,4.9.0,"I only needed it to pull transactions from two banks. Both connections died and every attempt to add them again ends on the login screen. Support hasn't helped. The app is just sitting there empty."
351,2026-08-26,5,Android,4.9.0,"I recommend Pennywell to anyone who wants budgeting without a learning curve. It linked my accounts and guided small cuts that added up to real savings and a lower card balance."
352,2026-08-26,2,iOS,4.9.0,"used it for years with chase and the price hike to 7.99 just isn't worth it anymore"
353,2026-08-26,1,Android,4.9.0,"The app still works well with Bank of America, yet I can't justify 7.99. Cancelling premium."
354,2026-08-26,5,iOS,4.9.0,"Not a finance person. Pennywell didn't care. Connected Bank of America, showed me the leaks, and I cut them. Saved enough to cover a bill I used to panic about. Still checking it because it's fast."
355,2026-08-26,1,iOS,4.9.0,"Still linking my wells fargo fine, but 7.99 stings. I'll stick around if the forecasts stay useful."
356,2026-08-26,5,Android,4.9.0,"maybe i'll be done with this credit card soon if i keep the easy routine"
357,2026-08-27,1,Android,4.9.0,"Is anyone actually staffing support? My ticket about Amex just sits."
358,2026-08-27,3,iOS,4.9.0,"Password sharing is a terrible workaround. Give partners their own login to a household budget."
359,2026-08-27,4,iOS,4.9.0,"The insights are genuinely useful! Please let me invite my husband to the same household budget with his own login."
360,2026-08-27,2,Android,4.9.0,"Nope. Not paying 7.99. Done."
361,2026-08-27,4,Android,4.9.0,"sick of being in debt. this straightforward app is getting me out."
362,2026-08-28,4,iOS,4.9.0,"The connection to my bank is reliable, which I appreciate. I would rate it higher if I could open Pennywell in a browser or download my history into Excel."
363,2026-08-28,2,Android,4.9.0,"Thanks for the surprise bill."
364,2026-08-28,5,Android,4.9.0,"sure, pretend you're surprised that an easy app helped me not blow rent money. i am too."
365,2026-08-28,1,Android,4.9.0,"maybe one day the code will actually get sent and i can use it again."
366,2026-08-28,5,Android,4.9.0,"Effortless and it helped me save."
367,2026-08-28,1,Android,4.9.0,"Bumped to $7.99 😒 might stay one more cycle"
368,2026-08-28,5,iOS,4.9.0,"easy app payed off some debt"
369,2026-08-28,3,Android,4.9.0,"I need to export transactions to CSV."
370,2026-08-28,3,Android,4.9.0,"ugh premium is 7.99 now i liked the old price a lot more probably cancelling this week"
371,2026-08-28,2,iOS,4.9.0,"Premium is 7.99 now. I cancelled after comparing it to a spreadsheet."
372,2026-08-28,3,iOS,4.9.0,"Cool, so my budget app needs its own budget now. 7.99? Really?"
373,2026-08-28,5,Android,4.9.0,"oh look i didnt overspend. the easy app did that."
374,2026-08-28,1,iOS,4.9.0,"I knew it would be slow. I didn't know it would be a form letter."
375,2026-08-28,5,iOS,4.9.0,"meh not for me"
376,2026-08-28,2,iOS,4.9.0,"reconect just loops. im done trying."
377,2026-08-29,3,Android,4.9.0,"No complaints really."
378,2026-08-29,3,iOS,4.9.0,"No export. No desktop. Next."
379,2026-08-29,5,Android,4.9.0,"no couple mode. waht year is this."
380,2026-08-29,2,Android,4.9.0,"I connected Chase and a local credit union and the balances disagreed with my statements. I asked support to explain the sync. Days later I received a canned note about restarting the app. No chat button, no phone number, no acknowledgment of what I wrote. I am done chasing them."
381,2026-08-29,5,iOS,4.9.0,"Our family of four needs one grocery and bills budget. Two parent logins would be enough. Kids don't even need access."
382,2026-08-29,5,Android,4.9.0,"really eays to use and we paid extra on the car loan"
383,2026-08-29,4,iOS,4.9.0,"Stopped showing one account and I have no idea why."
384,2026-08-29,4,iOS,4.9.0,"if there was a web version i'd use this every day"
385,2026-08-30,5,Android,4.9.0,"Very easy and my emergency fund is started 🙏"
386,2026-08-30,1,Android,4.9.0,"No answer for days. Then a reply that ignored my question about shared categories."
387,2026-08-30,4,iOS,4.9.0,"It's okay."
388,2026-08-30,3,iOS,4.9.0,"Linked my Chase and a savings account. Still can't get a CSV out."
389,2026-08-30,1,Android,4.9.0,"My USAA account disconnects repeatedly and transactions no longer import."
390,2026-08-30,2,iOS,4.9.0,"premium jumped to 7.99. cancelling."
391,2026-08-30,2,iOS,4.9.0,"I only wanted the bill reminders with my credit union account. At 7.99 I can do that myself."
392,2026-08-30,4,Android,4.9.0,"Downloaded it because my spreadsheet got messy. This is simpler. I still do not look at it every day, but when I do it is clear enough."
393,2026-08-30,2,iOS,4.9.0,"I've enjoyed Pennywell, but raising premium from 4.99 to 7.99 a month makes me pause. I'll stay for now and hope they add more value."
394,2026-08-31,1,iOS,4.9.0,"Support is slow, vague, and unreachable by phone or chat."
395,2026-08-31,1,iOS,4.9.0,"premum price hike killed it for me. was 4.99 now 7.99"
396,2026-08-31,3,Android,4.9.0,"I only need it for paycheck planning. That is not a 7.99 feature."
397,2026-08-31,2,iOS,4.9.0,"cancelling. 7.99 is too much"
398,2026-08-31,5,Android,4.9.0,"Between work and family I had no time for fiddly software. Pennywell took minutes to set up with our bank. We stuck to the grocery number and put the difference on the loan. Quietly effective."
399,2026-08-31,5,iOS,4.9.0,"after a bunch of failed apps this one is easy and i am actually saving"
400,2026-08-31,3,iOS,4.9.0,"Can't send my transactions to a spreadsheet. That's a basic feature."
401,2026-08-31,1,Android,4.9.0,"I love how secure this is. So secure the verification code never arrives anywhere, not my phone, not my email, so I get to enjoy being locked out of every account I linked. Really motivates me to save money by not seeing it."
402,2026-08-31,3,iOS,4.9.0,"Price up to 7.99 💸 cancelling tonight"
403,2026-08-31,1,Android,4.9.0,"Pennywell used to be the one app I didn't resent paying for. Then premium went from 4.99 to 7.99. I like the savings jars, so I might stay, but I'm annoyed and watching for a cheaper alternative."
404,2026-08-31,3,Android,4.9.0,"web version please"
405,2026-09-01,5,iOS,4.9.0,"paid debt. easy tool."
406,2026-09-01,1,Android,4.9.0,"Bank connection fails every time."
407,2026-09-01,1,iOS,4.9.0,"Had Citi linked for ages. Suddenly the account disconnects and nothing new comes in."
408,2026-09-01,1,Android,4.9.0,"Tried to export a year of transactions from my local bank and the premium gate at 7.99 made me quit."
409,2026-09-01,4,Android,4.9.0,"Tried to add my wife after connecting Discover. The app has no invite, no second seat, nothing."
410,2026-09-01,2,Android,4.9.0,"Gold star for the copy-paste team."
411,2026-09-01,3,iOS,4.9.0,"Premium now costs 7.99 a month. I'm switching."
412,2026-09-01,3,iOS,4.9.0,"yeah ok"
413,2026-09-01,2,Android,4.9.0,"Login loop again 😡 transactions never arrive."
414,2026-09-02,1,iOS,4.9.0,"I'm unable to keep my bank connected. The import has stopped."
415,2026-09-02,4,iOS,4.9.0,"Clear interface that supported our savings goal."
416,2026-09-02,4,iOS,4.9.0,"stuck to budget at last 🙌"
417,2026-09-02,1,Android,4.9.0,"Please get sync working. I'll stick around if it does."
418,2026-09-02,4,iOS,4.9.0,"too exhausted to argue with my budget so i let the easy app win and the debt lost."
419,2026-09-02,3,iOS,4.9.0,"I'll stay subscribed, annoyed as I am, because reconnecting another app sounds worse."
420,2026-09-02,3,Android,4.9.0,"Love paying more to watch myself spend less. 7.99 is a bold choice."
421,2026-09-02,2,iOS,4.9.0,"My money app got more expensive. Ironic."
422,2026-09-02,3,iOS,4.9.0,"Sad to cancel, but 7.99 is over my limit."
423,2026-09-02,3,Android,4.9.0,"Would be grateful for either a web app or a CSV download."
424,2026-09-02,2,iOS,4.9.0,"Not worth it."
425,2026-09-02,2,iOS,4.9.0,"Connected to USAA and the reports were great at 4.99. At 7.99 I'm out."
426,2026-09-02,1,iOS,4.9.0,"transactions stopped importing from wells fargo. reconnect doesnt work."
427,2026-09-02,3,Android,4.9.0,"marriage not supported."
428,2026-09-02,4,iOS,4.9.0,"csv button when?? 🙄"
429,2026-09-02,4,iOS,4.9.0,"Stop charging households for a tool only one person can open."
430,2026-09-03,2,iOS,4.9.0,"Hey, the interface is still clean, but 7.99 feels steep compared with 4.99. I'll hang on a bit."
431,2026-09-03,2,Android,4.9.0,"FROM 4.99 TO 7.99 NO THANKS"
432,2026-09-03,1,iOS,4.9.0,"Reconnecting my bank is impossible. It just loops."
433,2026-09-03,4,iOS,4.9.0,"We keep a calm money date and this would help if we each had a login to one budget."
434,2026-09-03,2,iOS,4.9.0,"too tired to fight the help desk. they don't answer anyway."
435,2026-09-03,4,Android,4.9.0,"I check it on Sundays. That is the whole routine and it supports that."
436,2026-09-03,2,iOS,4.9.0,"Too pricey now. I was just trying to split bills with my roommate."
437,2026-09-03,2,Android,4.9.0,"7.99? Cancelled."
438,2026-09-04,5,iOS,4.9.0,"i can see the payoff happening and the app never gets in the way"
439,2026-09-04,2,iOS,4.9.0,"A faster, more specific reply would help a lot."
440,2026-09-04,2,Android,4.9.0,"Numbers are readable. The labels are not. Odd choice."
441,2026-09-04,4,iOS,4.9.0,"Bank of America link worked."
442,2026-09-04,5,iOS,4.9.0,"chase connection worked and i saved the tax money instead of spending it"
443,2026-09-04,1,iOS,4.9.0,"Code never landed. Can't get in."
444,2026-09-04,1,iOS,4.9.0,"I've stuck with Pennywell because the charts are clear, but I need support to answer about a broken Capital One link with something other than a template. A chat window would change this."
445,2026-09-04,4,Android,4.9.0,"really nice app 🙂 would love a partner login for our joint budget."
446,2026-09-04,1,iOS,4.9.0,"acounts keep droping. sync is broken bad."
447,2026-09-04,4,Android,4.9.0,"Even on low energy days I can open it and stay on budget."
448,2026-09-04,1,Android,4.9.0,"Used this through two jobs. The increase to 7.99 finally tipped me."
449,2026-09-05,5,Android,4.9.0,"Stopped the weekend overspend by checking Pennywell first. Easy habit, more saved."
450,2026-09-05,4,iOS,4.9.0,"Please add shared household budgets."
451,2026-09-05,3,Android,4.9.0,"Used it for months. Phone UI is okay, but budgeting on a desktop would be so much better."
452,2026-09-05,5,iOS,4.9.0,"i was bad with money. pennywell is easy enought that i use it. linked my bank, watched the spending, and paid off the small card. still using it so i dont slide back."
453,2026-09-06,4,iOS,4.9.0,"debt dropping. app simple. good."
454,2026-09-06,3,Android,4.9.0,"A simple transaction export would let me build the reports I actually want."
455,2026-09-06,4,iOS,4.9.0,"New to budgeting. This feels manageable so far."
456,2026-09-06,3,iOS,4.9.0,"I understand costs rise, but 7.99 is a big leap. Still deciding."
457,2026-09-06,3,iOS,4.9.0,"Love waiting for the spinner. So relaxing."
458,2026-09-06,1,iOS,4.9.0,"Request: remove a closed account. Result: delayed generic email. Channels: email only."
459,2026-09-06,1,iOS,4.9.0,"New user, tried to add Wells Fargo, got an error, wrote support. Several days, one canned message, still no connection and nowhere to call."
460,2026-09-06,5,Android,4.9.0,"wow savings account not at zero 😂"
461,2026-09-06,3,iOS,4.9.0,"i've recommended pennywell to friends who budget alone. i can't recommend it to couples. we want a household budget and two logins so nobody is using someone else's password. the categories and the bank sync with regions are good enough. access isn't."
462,2026-09-06,1,iOS,4.9.0,"day after day, no real help 😩"
463,2026-09-06,1,iOS,4.9.0,"staying but please dont go higher than 7.99"
464,2026-09-07,3,Android,5.0.0,"My credit union data shows up, then stays trapped. Export to CSV should exist."
465,2026-09-07,4,Android,5.0.0,"I appreciate the budget planner added in 5.0. It lets me plan the time ahead carefully, move money between categories when plans change, and check what's left before I spend. My Wells Fargo accounts sync without trouble and the layout is clear."
466,2026-09-07,4,iOS,5.0.0,"Broke after an update."
467,2026-09-07,4,iOS,5.0.0,"Used Pennywell for two years. The 5.0 budget planner changed how I handle bills: I lay out the stretch ahead, move money from dining to utilities, and the leftover number is clear."
468,2026-09-07,5,Android,5.0.0,"Planning ahead feels doable now 😊 I move money between categories and instantly see what's left."
469,2026-09-07,5,Android,5.0.0,"5.0 planner lets me plan ahead an move money between categores then see whats left. love it"
470,2026-09-07,5,Android,5.0.0,"Request: multi-user access so spouses can manage one household budget independently."
471,2026-09-07,2,Android,5.0.0,"Crashes on open."
472,2026-09-07,5,Android,5.0.0,"Didn't think I'd care. Then I planned the stretch ahead, moved twenty from shopping to groceries, and saw what's left. Yeah, the new planner works."
473,2026-09-07,2,iOS,5.0.0,"why is premium 7.99 all of a sudden. not worth it"
474,2026-09-07,1,Android,5.0.0,"update 5.0 broke it on android. opens then dies. not paying $7.99 for a black screen."
475,2026-09-07,2,iOS,5.0.0,"I don't mind waiting a bit, but days plus a useless reply is rough when bills are involved."
476,2026-09-07,1,Android,5.0.0,"Nice update. App no longer opens."
477,2026-09-07,3,Android,5.0.0,"I'll keep premium for the household view even at 7.99, though I wish they'd warned more clearly."
478,2026-09-07,5,iOS,5.0.0,"Helped our household save consistently."
479,2026-09-07,4,Android,5.0.0,"its just easy and my budget actualy stuck this time"
480,2026-09-07,1,Android,5.0.0,"Crashes on launch since 5.0. Useless."
481,2026-09-08,1,Android,5.0.0,"Set it up for my side hustle deposits. At 4.99 it paid for itself. 7.99 does not."
482,2026-09-08,3,Android,5.0.0,"Okay I like the goals and the rollover and the way it talks to my bank, but my roommate and I split utilities and we need the same budget under two logins."
483,2026-09-08,2,iOS,5.0.0,"The categorization is still better than most, so I'll stay, but the move to 7.99 bugs me."
484,2026-09-08,1,Android,5.0.0,"My husband and I both wrote about the same missing paycheck from our credit union. We each got the same canned reply on different days. Still broken."
485,2026-09-08,3,iOS,5.0.0,"been on this since my chase checking was a mess and the new budget planner finally makes sense. premium jumping to 7.99 a month is rough though, might drop it."
486,2026-09-08,5,iOS,5.0.0,"Sorry if this is vague. It just runs in the background and I am fine with that."
487,2026-09-08,1,Android,5.0.0,"Trying to check my Capital One balance and the planner just crashes the whole app."
488,2026-09-08,3,Android,5.0.0,"Too expensive. Leaving."
489,2026-09-08,1,Android,5.0.0,"fix teh 5.0 crash already, i cant launch it"
490,2026-09-08,1,Android,5.0.0,"been using this forever and now 5.0 wont even start"
491,2026-09-08,1,Android,5.0.0,"Still rooting for you, but it crashes when I open the planner 🙏"
492,2026-09-08,2,iOS,5.0.0,"oh cool the sync died again. love that for me."
493,2026-09-08,4,iOS,5.0.0,"Used it long enough to know the sync won't save a relationship that has to share one password."
494,2026-09-08,1,Android,5.0.0,"I've used Pennywell for a long time, but after the 5.0 update it crashes whenever I open the planner on my Android phone."
495,2026-09-08,1,Android,5.0.0,"5.0 broke everything. Crashes instantly."
496,2026-09-08,3,Android,5.0.0,"Apparently my laptop is not invited to the budget meeting."
497,2026-09-08,2,iOS,5.0.0,"I can track my credit union spending without paying 7.99."
498,2026-09-08,1,iOS,5.0.0,"nah 7.99 is wild. unsubbed"
499,2026-09-09,1,iOS,5.0.0,"been using pennywell for a long time and the bank link just died. emailed support and got nothing for days."
500,2026-09-09,2,Android,5.0.0,"dont love it dont hate it"
501,2026-09-09,2,iOS,5.0.0,"Can't link bank."
502,2026-09-09,5,Android,5.0.0,"The budget planner in the update is exactly what I needed."
503,2026-09-09,4,Android,5.0.0,"low effort, real payoff on the loan."
504,2026-09-09,1,Android,5.0.0,"sync is dead and support ghosted me"
505,2026-09-09,4,Android,5.0.0,"Adding a web version would make reviewing weekly spending much easier for people like me."
506,2026-09-09,5,iOS,5.0.0,"Was mad my old setup hid overspending. New planner fixed it. I plan ahead, shuffle categories, and finally see what's left. Ally connection stayed solid."
507,2026-09-09,2,Android,5.0.0,"Used it happily until the sync died. Then I learned how hard it is to get a person."
508,2026-09-09,1,Android,5.0.0,"This update is garbage. Crashes before I can even log in."
509,2026-09-09,5,iOS,5.0.0,"new planner is great"
510,2026-09-09,1,Android,5.0.0,"I've used Pennywell with Chase for a long time and liked the budget view, but since the 5.0 update it crashes the second I open it on my Android phone. I'm still paying $7.99 a month for something I can't use."
511,2026-09-09,5,iOS,5.0.0,"done being careless. this easy thing made me pay the debt down"
512,2026-09-09,1,Android,5.0.0,"Love paying for an app that closes itself before I can see my budget."
513,2026-09-10,5,iOS,5.0.0,"oh sure, just casually made budgeting painless. planning ahead, moving funds between categories, seeing what's left. rude of them to be this good."
514,2026-09-10,2,Android,5.0.0,"Turned off the little chime. Too cute for a bill reminder."
515,2026-09-10,1,Android,5.0.0,"The new version crashes immediately on my Pixel when I try to open it."
516,2026-09-10,4,iOS,5.0.0,"Wells Fargo sync is reliable and helped me keep a tight budget."
517,2026-09-10,3,Android,5.0.0,"No partner access. Next."
518,2026-09-10,1,Android,5.0.0,"Opens, then boom, gone. 😩"
519,2026-09-10,1,Android,5.0.0,"I have been budgeting with Pennywell for years and it always connected to my bank without trouble. Since the 5.0 update the app crashes as soon as it launches on my Samsung. I cleared the cache and reinstalled, and it still dies before I can do anything."
520,2026-09-10,1,Android,5.0.0,"If your support can't read the ticket, don't send a script."
521,2026-09-10,5,Android,5.0.0,"Okay so the 5.0 planner? I set up the stretch ahead on Sunday, dragged money from fun to gas, and it showed what's left. Simple. Been on the app a while."
522,2026-09-10,1,Android,5.0.0,"Wanted to merge two budgets. Support had no phone line and the email answer didn't mention merging at all."
523,2026-09-10,2,Android,5.0.0,"After updating to 5.0, Pennywell crashes on launch on my Android phone."
524,2026-09-10,2,Android,5.0.0,"Transactions just quit showing up. Accounts drop randomly."
525,2026-09-11,5,Android,5.0.0,"Hoping this sticks. Planning the period ahead and moving money between categories while seeing what's left already feels calmer with my credit union linked."
526,2026-09-11,1,Android,5.0.0,"Crashes on launch. Still charging me $7.99."
527,2026-09-11,5,Android,5.0.0,"planner update is a win 🙌"
528,2026-09-11,2,Android,5.0.0,"Sync with Capital One still drops sometimes, and now it's 7.99. Easy cancel."
529,2026-09-11,2,Android,5.0.0,"Works."
530,2026-09-11,1,Android,5.0.0,"Wont even lauch after 5.0. Android phone, bank of america linked, and they still take $7.99. fix this please."
531,2026-09-11,1,Android,5.0.0,"Please fix the crash on launch. I still want this to work with my Chase account."
532,2026-09-11,2,iOS,5.0.0,"Slow. Canned. No chat."
533,2026-09-11,1,iOS,5.0.0,"Looping login. Useless."
534,2026-09-11,2,Android,5.0.0,"Every morning my accounts are disconnected. I enter the bank password, it thinks, then I'm back at the login screen. No transactions import at all. This used to be the reason I paid for Pennywell."
535,2026-09-11,5,Android,5.0.0,"The updated budget planner supports forward planning, category transfers, and remaining-balance visibility very well."
536,2026-09-11,3,iOS,5.0.0,"Solid enough app."
537,2026-09-11,1,Android,5.0.0,"Hoping they sort the missing codes soon. I miss the simple view of my chase and savings together."
538,2026-09-11,1,Android,5.0.0,"keeps dicconnecting my bank!! login loops forever"
539,2026-09-11,2,iOS,5.0.0,"It was fine at the old price. Not at 7.99."
540,2026-09-11,5,iOS,5.0.0,"honestly the simplest tracker I've tried and my savings prove it"
541,2026-09-11,1,Android,5.0.0,"planner tab crashes the app every time on android"
542,2026-09-11,2,Android,5.0.0,"Incredible work shipping 5.0 so the app can exit before showing a single number."
543,2026-09-11,2,iOS,5.0.0,"Their email said to update the app, which I had already done. Nobody explained the Bank of America error."
544,2026-09-11,2,iOS,5.0.0,"Budgeting achievement unlocked: unsubscribe."
545,2026-09-11,5,Android,5.0.0,"saving money finally 💵"
546,2026-09-11,3,iOS,5.0.0,"they rasied it to 7.99 im done with this app"
547,2026-09-11,1,iOS,5.0.0,"I like the layout, but bank sync is broken and I can't use it."
548,2026-09-11,2,iOS,5.0.0,"Thank you for the years at 4.99. I won't continue at 7.99."
549,2026-09-11,4,iOS,5.0.0,"Almost the family finance app we wanted. Just open the door for a second login!"
550,2026-09-11,5,Android,5.0.0,"My goal was simple: stop the credit card creep. Pennywell connected, categorized without drama, and I set a limit I could live with. I've made extra payments and still had grocery money. It's the ease that kept me consistent."
551,2026-09-12,1,Android,5.0.0,"Reinstalled twice. Same crash the moment the planner loads."
552,2026-09-12,1,Android,5.0.0,"Could you look at the launch crash on Android after 5.0? I would like to get back to tracking my spending."
553,2026-09-12,1,iOS,5.0.0,"Navy Federal won't reconnect. The flow fails after I submit credentials."
554,2026-09-12,4,iOS,5.0.0,"seeing what's left after i move stuff around is the best part of the new planner"
555,2026-09-12,1,iOS,5.0.0,"Cancelled premium the day it showed 7.99."
556,2026-09-12,3,iOS,5.0.0,"need deskop access, entering stuff on the phone takes forever"
557,2026-09-12,5,Android,5.0.0,"Building a buffer feels realistic now that the app stays out of my way."
558,2026-09-12,2,Android,5.0.0,"canned replies. long waits. no phone."
559,2026-09-12,1,iOS,5.0.0,"Stopped importing. Garbage."
560,2026-09-12,1,Android,5.0.0,"It worked fine with my Wells Fargo accounts until the 5.0 update, and now it crashes on launch."
561,2026-09-12,4,Android,5.0.0,"I have used Pennywell for a couple of years to watch spending across my credit union accounts. The budget planner added in 5.0 is the clearest one yet and I like how it lays out the month. Raising Premium to $7.99 is hard to swallow when the old price already felt steep."
562,2026-09-12,3,Android,5.0.0,"planner in 5.0 is actually good. $7.99 for premium still stings."
563,2026-09-12,5,iOS,5.0.0,"the budgt planner from 5.0 is awesome, i plan ahead move money btween categories and see whats left without stress"
564,2026-09-12,1,Android,5.0.0,"sync broke. nothing imports."
565,2026-09-12,4,Android,5.0.0,"Easy and I saved. That's it."
566,2026-09-12,4,Android,5.0.0,"been tired of guessing. the new planner lets me map things out, shift money around categories, and see the leftover. works with my chase account."
567,2026-09-12,1,iOS,5.0.0,"requested the code like ten times. nothing in texts nothing in email. locked out while trying to check rent category."
568,2026-09-13,5,Android,5.0.0,"Paid a big chunk of debt because checking the app is easy 😊"
569,2026-09-13,4,iOS,5.0.0,"if you add sharred budgets with two logins i'll upgrade today."
570,2026-09-13,3,Android,5.0.0,"Rip off now."
571,2026-09-13,4,Android,5.0.0,"love the 5.0 budget planner. planning ahead and moving money between categories is so easy now and i can actually see what's left."
572,2026-09-13,1,Android,5.0.0,"cant even open the planner anymore, app crashs right away"
573,2026-09-13,1,Android,5.0.0,"updated and now it just dies the second i open it on my pixel"
574,2026-09-13,2,iOS,5.0.0,"eh"
575,2026-09-13,1,iOS,5.0.0,"So tired of this 😩 bank won't stay connected."
576,2026-09-13,1,iOS,5.0.0,"Ignored for days."
577,2026-09-13,4,iOS,5.0.0,"Still no spreadsheet export. Unbelievable."
578,2026-09-13,1,iOS,5.0.0,"great job sending the faq i alredy read. no chat tho, classic."
579,2026-09-13,1,Android,5.0.0,"Still hoping they'll fix the reconnect bug. My budget is stuck."
580,2026-09-13,1,Android,5.0.0,"Hoping the launch crash gets fixed soon."
581,2026-09-13,2,Android,5.0.0,"Staying… for now 😐 7.99 hurts"
582,2026-09-13,4,Android,5.0.0,"Finally can plan the whole stretch ahead, slide cash from groceries to rent, and watch what's left. Pennywell 5.0 nailed it."
583,2026-09-14,1,Android,5.0.0,"Since version 5.0 the application terminates on startup on my Android device."
584,2026-09-14,1,Android,5.0.0,"Broken. Crashes on start."
585,2026-09-14,2,Android,5.0.0,"PNC connection was the selling point. Not at this price."
586,2026-09-14,1,Android,5.0.0,"Samsung Galaxy, 5.0, crash as soon as I tap the planner."
587,2026-09-14,1,Android,5.0.0,"Bank sync broke on my Wells Fargo accounts and every refresh fails. I wrote support twice, got silence for days, then a canned reply that told me to reconnect, which I already did. The budget is useless if the numbers never come in."
588,2026-09-14,4,Android,5.0.0,"Mom and I handle Dad's bills together. One shared Pennywell budget with two logins would be kinder than a sticky note password."
589,2026-09-14,1,Android,5.0.0,"Crashes on open since 5.0 😩 still $7.99 for nothing."
590,2026-09-14,1,Android,5.0.0,"Disconnects constantly. I'm exhausted."
591,2026-09-14,5,Android,5.0.0,"Move money, see what's left, plan ahead — 5.0 planner delivers."
592,2026-09-14,1,iOS,5.0.0,"Please repair the account connection. Transactions have stopped importing."
593,2026-09-14,3,Android,5.0.0,"Tried to reconcile my Visa through Pennywell and couldn't download anything. CSV, please."
594,2026-09-14,5,iOS,5.0.0,"💸 planning the stretch ahead and seeing what's left after category moves is why I updated"
595,2026-09-14,1,Android,5.0.0,"Impressive how consistently the connection fails."
596,2026-09-14,1,Android,5.0.0,"love waiting days for a copy-paste that doesn't fix the sync"
597,2026-09-14,4,Android,5.0.0,"Navy Federal link works. Sharing the budget with my husband does not."
598,2026-09-15,1,iOS,5.0.0,"Disconnected again 🙃 manual entry it is."
599,2026-09-15,1,Android,5.0.0,"Why won't the code just arrive?? 🔥 Locked out completely."
600,2026-09-15,1,Android,5.0.0,"Please fix the launch crash on Android 🙂"
601,2026-09-15,5,Android,5.0.0,"Using it alongside my Capital One card to control spending and it has worked."
602,2026-09-15,2,Android,5.0.0,"No imports."
603,2026-09-15,2,Android,5.0.0,"Budgeting is easy when the app won't load."
604,2026-09-15,5,iOS,5.0.0,"my bank hooked up fine and i stick to the plan now"
605,2026-09-15,5,Android,5.0.0,"Exactly as exciting as balancing a checkbook."
606,2026-09-15,1,Android,5.0.0,"Love paying $7.99 a month to watch an app crash before it loads."
607,2026-09-15,3,Android,5.0.0,"almost the app I want, just missing web access 🤞"
608,2026-09-15,4,iOS,5.0.0,"Pennywell connects cleanly to our local bank and the monthly picture is easy to read. My only real request is household sharing: one budget, two logins, so my spouse and I can both categorize without handing over a password. I'd gladly keep the subscription if that landed."
609,2026-09-15,1,Android,5.0.0,"Annoyed, not furious. I'll stay if nothing breaks, but 7.99 is the ceiling."
610,2026-09-15,4,Android,5.0.0,"New planner? Fine. Charging $7.99 a month for Premium? No."
611,2026-09-15,1,Android,5.0.0,"Chase stopped updating and I was only trying to check this week's spending. Support sent a canned reply and never followed up."
612,2026-09-15,5,iOS,5.0.0,"The new budget planner is the feature I stayed for."
613,2026-09-15,3,iOS,5.0.0,"export to excel already"
614,2026-09-15,1,Android,5.0.0,"Waiting on a fix for the Android crash."
615,2026-09-15,2,iOS,5.0.0,"Schwab link died and I can't get it back. No new transactions at all."
616,2026-09-16,2,iOS,5.0.0,"No longer worth the monthly cost."
617,2026-09-16,1,Android,5.0.0,"I only needed the planner for this week's bills and the app shuts down every time. This started right after 5.0 on my Android. Support has not helped and I am stuck."
618,2026-09-16,1,iOS,5.0.0,"my bank login just loops. transactions stopped days ago."
619,2026-09-16,5,Android,5.0.0,"budget win and savings up 💪"
620,2026-09-16,5,iOS,5.0.0,"whats left shows up right after i move money. new planner rules"
621,2026-09-16,2,iOS,5.0.0,"Opened the app to categorize a big USAA transfer, it wouldn't save, and support's late email told me to clear cache like I hadn't said I already did."
622,2026-09-16,5,Android,5.0.0,"For freelance income the new budget planner is useful: I plan the stretch ahead, reallocate between tax and living categories, and monitor what's left."
623,2026-09-16,1,Android,5.0.0,"Really hoping you push a fix soon. My Android won't get past the splash screen after 5.0, and the $7.99 charge already went through."
624,2026-09-16,3,Android,5.0.0,"Categories and alerts are strong. The lack of a shared login for my partner keeps it from being our main tool."
625,2026-09-16,1,Android,5.0.0,"Tried to categorize a Wells Fargo deposit and the app dies on launch. Android, version 5.0, subscription still $7.99."
626,2026-09-16,1,Android,5.0.0,"I was trying to refresh my Bank of America connection and it fails immediately."
627,2026-09-16,1,iOS,5.0.0,"No chat icon anywhere in the app. No phone number in the help page. I emailed about Navy Federal duplicates and got a generic sync article days later."
628,2026-09-16,2,iOS,5.0.0,"its there"
629,2026-09-16,4,iOS,5.0.0,"love the new planner 👍 hate that premium is $7.99 now. cool cool."
630,2026-09-16,1,Android,5.0.0,"I've re-added the same bank all week. It never sticks."
631,2026-09-16,2,Android,5.0.0,"Used it daily until 5.0. Now it crashes before the home screen."
632,2026-09-16,4,iOS,5.0.0,"apparently easy apps can make you less broke. who knew."
633,2026-09-16,1,iOS,5.0.0,"They don't answer in a useful way."
634,2026-09-16,1,Android,5.0.0,"I have spent way too long fighting this. Add bank, log in, get bounced to the login screen, repeat. Meanwhile transactions stopped importing from both accounts. A budgeting app that can't see spending is pointless."
635,2026-09-16,2,Android,5.0.0,"I only use Pennywell to plan rent and groceries. After 5.0, tapping the planner closes the app on my OnePlus. It used to connect to my checking account with no problem."
636,2026-09-16,3,iOS,5.0.0,"Staying, hoping they earn the 7.99."
637,2026-09-16,1,Android,5.0.0,"great job, cant even see the planner"
638,2026-09-17,4,iOS,5.0.0,"Feels manageable and I've stayed on budget."
639,2026-09-17,1,iOS,5.0.0,"Fix the sync please 🙏 I miss automatic imports."
640,2026-09-17,5,Android,5.0.0,"After years of apps that only show history, Pennywell's 5.0 planner looks forward. I plan ahead, move money between categories, and know what's left."
641,2026-09-17,3,Android,5.0.0,"Only opened it to rename one bucket. Took longer than the rename."
642,2026-09-17,4,iOS,5.0.0,"Grateful for the 5.0 budget planner. Planning ahead, moving funds between categories, and seeing what's left stopped the end-of-cycle panic."
643,2026-09-17,4,iOS,5.0.0,"I wanted a calm way to handle money after a rough patch. Pennywell linked my accounts quickly and let me set gentle limits. I've saved a starter fund and chipped away at debt. I'm hopeful it stays this simple."
644,2026-09-17,5,Android,5.0.0,"i've used pennywell since it was clunky. the 5.0 budget planner is different. i plan the stretch ahead, move money between categories when i overdo coffee, and i can see what's left without a spreadsheet."
645,2026-09-17,1,Android,5.0.0,"Yeah it just crashes now. Can't open the planner."
646,2026-09-17,3,Android,5.0.0,"i connect my bank and it works. what doesnt work is getting the list into google sheets. a csv export or a desktop site would solve it. been waiting on that."
647,2026-09-17,4,Android,5.0.0,"tried to set a grocery cap after linking wells fargo and the 5.0 planner did it clean. if they ease off that 7.99 i'll stay, otherwise im looking around."
648,2026-09-17,2,iOS,5.0.0,"Was 4.99. Now no."
649,2026-09-17,2,iOS,5.0.0,"chase keeps disconnecting and the login screen loops. useless now."
650,2026-09-17,2,Android,5.0.0,"Would appreciate a patch. The app crashes as soon as it launches on Android."
651,2026-09-17,3,iOS,5.0.0,"7.99 for the same charts. No."
652,2026-09-17,1,iOS,5.0.0,"Accounts won't stay connected. Fix the sync."
653,2026-09-17,2,iOS,5.0.0,"Ten out of ten for the login loop feature."
654,2026-09-17,1,iOS,5.0.0,"Pennywell was fine until the bank connection fell apart. Now every account disconnects, imports are frozen, and reconnecting either errors or returns me to the sign-in page. I don't have time to retype my whole budget."
655,2026-09-17,4,Android,5.0.0,"hope i keep this up the app is eazy and debt is smaller"
656,2026-09-17,4,iOS,5.0.0,"My partner and I share a Chase login through Pennywell. The new planner lets us plan the stretch ahead together, move money from dates to groceries, and both see what's left. Small thing, big relief."
657,2026-09-17,2,iOS,5.0.0,"I recommended Pennywell to my sister when premium was 4.99. Telling her it's 7.99 feels embarrassing. I'm cancelling and she's not starting."
658,2026-09-17,2,Android,5.0.0,"Accounts disconnect overnight and nothing comes back in."
659,2026-09-17,3,iOS,5.0.0,"Loved it at 4.99 😞 7.99 is a no"
660,2026-09-17,2,iOS,5.0.0,"Just a note that email support is too slow for account problems."
661,2026-09-17,1,Android,5.0.0,"reconecting fails every time i try. so frustraiting."
662,2026-09-17,2,Android,5.0.0,"transactons stopped. cant reconnect my cu."
663,2026-09-17,5,Android,5.0.0,"new planner slaps. move money see leftovers"
664,2026-09-17,1,iOS,5.0.0,"Budgeting app that refuses to see my bank. Bold choice."
665,2026-09-18,1,iOS,5.0.0,"Broken sync."
666,2026-09-18,3,Android,5.0.0,"Mobile only limits how I use the transaction history."
667,2026-09-18,1,iOS,5.0.0,"been using pennywell to watch my checking and a high yield savings. the bump from 4.99 to 7.99 makes me tired of subscriptions in general. cancelling premium and keeping a note in my phone."
668,2026-09-18,1,Android,5.0.0,"Instant crash 🙃"
669,2026-09-18,2,Android,5.0.0,"Tried to move a bill in the planner and the app crashed."
670,2026-09-18,5,iOS,5.0.0,"My bank (a stubborn credit union) still connects. The planner lets me pretend I'm organized: month-style ahead view, category moves, leftover cash. Fine, I'm impressed."
671,2026-09-18,5,iOS,5.0.0,"Sync hiccuped once with USAA but the budget planner itself is lovely. I plan ahead, move money between categories, and the what's-left figure is trustworthy."
672,2026-09-18,2,Android,5.0.0,"My Bank of America connection is useless because the app crashes on open."
673,2026-09-18,2,Android,5.0.0,"I hate to complain, but Pennywell no longer stays open on my phone."
674,2026-09-18,2,iOS,5.0.0,"This app cannot keep a bank connected. Completely broken."
675,2026-09-18,2,Android,5.0.0,"price bump is rough but the app still does what i need so whatever"
676,2026-09-18,2,iOS,5.0.0,"Pennywell support: professional at saying nothing, eventually."
677,2026-09-18,2,iOS,5.0.0,"i'll porbably stay but im not happy about 7.99"
678,2026-09-19,5,iOS,5.0.0,"too wiped to track receipts. opened the planner, set the stretch ahead, shifted a category, saw what's left. enough."
679,2026-09-19,1,Android,5.0.0,"this 5.0 update ruined the app, crashes when i open planner"
680,2026-09-19,4,Android,5.0.0,"lol the planner in 5.0 actually makes sense. i plan ahead move money between categories and see what's left instead of crying at my balance"
681,2026-09-19,5,Android,5.0.0,"pennywell made budgeting easy and i saved for repairs"
682,2026-09-19,1,Android,5.0.0,"crashs on launch, unusable"
683,2026-09-19,1,Android,5.0.0,"no one answered about ally 😔"
684,2026-09-19,1,Android,5.0.0,"Not sure what changed in 5.0, but opening Pennywell kills it immediately."
685,2026-09-19,3,Android,5.0.0,"two logins please 👪"
686,2026-09-19,2,iOS,5.0.0,"I was mid-way through setting savings goals and the paywall flipped to 7.99. Closed it."
687,2026-09-19,1,iOS,5.0.0,"waited days for help with my discover login. reply was canned and off topic."
688,2026-09-19,4,Android,5.0.0,"Hoping couple budgets are on the roadmap."
689,2026-09-19,4,Android,5.0.0,"With kids' activities I need to plan ahead. Moving money between categories and seeing what's left in Pennywell's new planner keeps us honest. Linked our local bank fine."
690,2026-09-19,1,Android,5.0.0,"Been on Pennywell through a few phones and it used to be fine. Since 5.0 it crashes on launch every time on my Pixel. I just wanted to check my grocery budget. $7.99 is a lot for an app that won't open."
691,2026-09-19,1,Android,5.0.0,"If bank sync starts working I'll rate it higher later. Not now."
692,2026-09-19,1,iOS,5.0.0,"I followed every canned step. Nothing changed. Nobody came back to check."
693,2026-09-19,2,Android,5.0.0,"5.0 update = instant crash on Android."
694,2026-09-19,1,iOS,5.0.0,"Maybe next week a human appears."
695,2026-09-19,2,iOS,5.0.0,"Would love to see the sync restored. Right now reconnecting fails."
696,2026-09-19,1,Android,5.0.0,"i updated to 5.0 and now pennywell crashes on launch. tried restarting my phone and it still happens when i open the planner. pretty tired of it."
697,2026-09-19,2,Android,5.0.0,"Crashes. Every. Time."
698,2026-09-19,4,iOS,5.0.0,"Plan ahead. Shift categories. See what's left. That's the update."
699,2026-09-19,5,iOS,5.0.0,"I rolled my eyes at 'just link your bank.' Then I did, with the credit union, and the picture was obvious. Cut two habits, stuck to the numbers, watched savings appear. Annoyed it was that straightforward."
700,2026-09-19,4,iOS,5.0.0,"easy use, money saved"
701,2026-09-19,5,iOS,5.0.0,"If it keeps syncing I will keep it."
702,2026-09-19,5,iOS,5.0.0,"Tried to cover a surprise vet bill. Planned the rest ahead in the 5.0 tool, moved money out of takeout, and still saw what's left. Capital One feed didn't break."
703,2026-09-19,4,iOS,5.0.0,"Cool, I'll just marry my password manager."
704,2026-09-19,2,Android,5.0.0,"Crashes on launch. Again. 😡"
705,2026-09-20,5,Android,5.0.0,"fine 👍"
706,2026-09-20,5,iOS,5.0.0,"Really like planning ahead in the new planner. Moving money between categories is smooth and seeing what's left helps. Thank you 👍"
707,2026-09-20,3,iOS,5.0.0,"Does the basic stuff."
708,2026-09-20,2,iOS,5.0.0,"this support situation is a joke. days of nothing then a robot note."
709,2026-09-20,2,Android,5.0.0,"planner wont load, whole app crashs"
710,2026-09-20,5,iOS,5.0.0,"Does the three things I wanted: plan ahead, move money between categories, show what's left. Good update."
711,2026-09-20,5,iOS,5.0.0,"tried plenty of apps. this one is easy and helped me pay off the balance"
712,2026-09-20,5,iOS,5.0.0,"so i opened 5.0 and the budget planner let me plan the stretch ahead then i moved money from amazon to rent and i could see what's left which is all i ever asked"
713,2026-09-20,1,Android,5.0.0,"If you fix the planner crash I will happily go back to using it with my Ally account."
714,2026-09-20,2,iOS,5.0.0,"Support response time is long and the content is boilerplate. Live chat and phone are not offered."
715,2026-09-20,5,Android,5.0.0,"why can't two adults see one household budget. make it make sense."
716,2026-09-20,2,iOS,5.0.0,"Tried relinking Discover three times. Each try dumps me back to login and no transactions import."
717,2026-09-20,2,Android,5.0.0,"app crasheson launch after the update"
718,2026-09-20,1,iOS,5.0.0,"I am asking again for a real review of my Citibank connection. The previous response was not relevant, and there is no way to call."
719,2026-09-20,1,Android,5.0.0,"wont open at all"
720,2026-09-20,2,Android,5.0.0,"Linked to my credit union and it was fine, then 5.0 made it crash on launch."
721,2026-09-20,2,Android,5.0.0,"The subscription increase to 7.99 exceeds the value I receive. I have cancelled."
722,2026-09-20,3,Android,5.0.0,"Kindly consider a desktop or browser version."
723,2026-09-21,4,iOS,5.0.1,"I track my debit, she tracks the credit card at Citi, and we still can't land in one Pennywell budget without sharing the account."
724,2026-09-21,1,Android,5.0.1,"On my Android phone, Pennywell has crashed on launch ever since the 5.0 update."
725,2026-09-21,4,iOS,5.0.1,"I refuse to put our joint life on one login. Build two."
726,2026-09-21,1,iOS,5.0.1,"Accounts dropped."
727,2026-09-21,3,iOS,5.0.1,"Love paying for an app that syncs my bank and then refuses to let me leave with a CSV. A web version would be the decent thing."
728,2026-09-21,1,Android,5.0.1,"Was checking my savings goal and the planner crash took the app down."
729,2026-09-21,2,iOS,5.0.1,"Worried about a wrong balance showing from Wells Fargo and unable to get a real answer."
730,2026-09-21,1,Android,5.0.1,"Please fix reconnect. I don't want to switch apps."
731,2026-09-21,4,Android,5.0.1,"Partner sharing is missing. That's the review."
732,2026-09-21,2,iOS,5.0.1,"Discover link died. Re-adding it fails every single time."
733,2026-09-21,1,iOS,5.0.1,"Still broken 😤 can't import a single transaction."
734,2026-09-21,1,iOS,5.0.1,"i tried to fix categories that reset every time i open the app. support took days and sent the same email they send everyone. no phone no chat."
735,2026-09-21,1,Android,5.0.1,"planner crashes it"
736,2026-09-21,4,Android,5.0.1,"me n my partner want seperate logins on the same house budget. not a huge ask."
737,2026-09-21,4,Android,5.0.1,"easy and the debt is lower"
738,2026-09-21,1,Android,5.0.1,"Five stars for closing itself."
739,2026-09-21,4,Android,5.0.1,"Useful and simple for sticking to a budget."
740,2026-09-21,1,iOS,5.0.1,"Hoping this is a temporary sync outage."
741,2026-09-21,5,Android,5.0.1,"I used to export everything. With the 5.0 budget planner I stay inside Pennywell: plan the stretch ahead, move money between categories when overtime hits, and see what's left before payday pressure. It feels finished."
742,2026-09-22,4,iOS,5.0.1,"Another budgeting app. This one is less annoying than the last."
743,2026-09-22,2,iOS,5.0.1,"Ally disconnects every few days and new transactions never arrive."
744,2026-09-22,4,iOS,5.0.1,"Please keep the budget planner. Planning ahead and seeing what's left after category moves is excellent."
745,2026-09-22,2,Android,5.0.1,"USAA won't stay connected no matter what I try."
746,2026-09-22,1,iOS,5.0.1,"I might return if the price comes back down. For now, 7.99 is too much."
747,2026-09-22,1,Android,5.0.1,"Another day, another crash on open 😔"
748,2026-09-22,2,iOS,5.0.1,"I have been budgeting here through a job change and two banks. The moment Chase stopped updating I needed help fast. What I got was silence, then a canned message, and no option to talk to someone. That is the whole story."
749,2026-09-22,1,Android,5.0.1,"reconect loops to login. so sick of it."
750,2026-09-22,4,Android,5.0.1,"Icon blends into my wallpaper. I search for it every time."
751,2026-09-22,1,Android,5.0.1,"I would like to keep using Pennywell, but the connection failure makes that impossible."
752,2026-09-22,4,Android,5.0.1,"Navy Federal user here. The 5.0 budget planner plans the stretch ahead cleanly, lets me move money between categories, and I always see what's left."
753,2026-09-22,2,Android,5.0.1,"Used it happily for a year. Now Wells Fargo won't stay linked."
754,2026-09-22,5,iOS,5.0.1,"Pennywell 5.0 budget planner is the reason i kept the app. I plan the strech ahead every weekend, move money between categories when a bill hits early, and seeing whats left stops me from tapping the card. Been with them a long time and this is the best version."
755,2026-09-22,1,Android,5.0.1,"Bank sync appears to be broken on my account."
756,2026-09-22,1,Android,5.0.1,"I only wanted to see if I was over on dining. Tap the icon, splash screen, crash. Did it again after clearing cache. Same thing since the 5.0 update on my Samsung. Canceling feels messy but $7.99 a month for a dead app is worse."
757,2026-09-22,2,iOS,5.0.1,"tried to add my bank again and it loops back. nothing imports."
758,2026-09-22,5,iOS,5.0.1,"Saving for a trip: I plan ahead in the new planner, move money into travel from random categories, and watch what's left grow. Simple and motivating."
759,2026-09-22,5,iOS,5.0.1,"Kind layout on the new planner. Planning ahead feels gentle, moving money between categories is obvious, and what's left is right there."
760,2026-09-22,2,Android,5.0.1,"Maybe the next update will let the app stay open for more than a second."
761,2026-09-22,1,Android,5.0.1,"since 5.0 my android just force closes pennywell on launch"
762,2026-09-22,3,iOS,5.0.1,"need csv"
763,2026-09-23,3,iOS,5.0.1,"Premium increased from 4.99 to 7.99, so I downgraded."
764,2026-09-23,1,iOS,5.0.1,"Still hoping someone actually looks at my ticket. Capital One won't sync and the only answer so far is an auto reply."
765,2026-09-23,4,Android,5.0.1,"I'm not quick with apps but the budget planner is clear. I plan ahead, move money from one category to another, and see what's left. My bank link held."
766,2026-09-23,5,iOS,5.0.1,"was angry at every dollar wasted. now the simple budget keeps me honest and paying debt."
767,2026-09-23,2,iOS,5.0.1,"Three years in, and this is the first time I've considered leaving. 7.99 did it."
768,2026-09-23,2,Android,5.0.1,"my accounts keep disconnecting. i cant budget like this."
769,2026-09-23,2,iOS,5.0.1,"Unfortunately the bank link no longer works for me."
770,2026-09-23,1,Android,5.0.1,"Won't launch after 5.0."
771,2026-09-23,1,iOS,5.0.1,"I only needed the transactions from my checking account so I could plan rent. The link broke, support took days, and the reply was clearly canned."
772,2026-09-23,1,Android,5.0.1,"I hope the crash that occurs when opening the planner on Android is resolved."
773,2026-09-23,1,Android,5.0.1,"I keep reconnecting and it keeps failing. I'm worn out."
774,2026-09-23,1,iOS,5.0.1,"No help."
775,2026-09-23,1,Android,5.0.1,"Great update. My phone now has a very expensive shortcut that closes itself. $7.99, Android, 5.0."
776,2026-09-23,4,Android,5.0.1,"add a household budget with two logins and this becomes our app."
777,2026-09-23,3,Android,5.0.1,"Wanted shared categories for groceries. 7.99 ended that plan."
778,2026-09-23,5,iOS,5.0.1,"sees what's left. perfect."
779,2026-09-23,4,Android,5.0.1,"Wow, a planner that shows what's left. Revolutionary. Still, I love it."
780,2026-09-23,1,iOS,5.0.1,"My credit union connection drops and will not restore."
781,2026-09-23,2,iOS,5.0.1,"Reconnect loops. That's it."
782,2026-09-23,5,Android,5.0.1,"Putting aside cash for moving costs has been easy to track in Pennywell."
783,2026-09-23,4,Android,5.0.1,"Grocery budget was a mess. Planned the stretch ahead, moved money from eating out, saw what's left for the market. 5.0 planner for the win."
784,2026-09-24,1,iOS,5.0.1,"I've recommended Pennywell before, which makes this harder. The bank sync stopped, accounts disconnect on their own, and trying to connect again only returns me to the login screen. I need the transactions or the app doesn't help."
785,2026-09-24,5,iOS,5.0.1,"Calm experience. I plan the stretch ahead, move money between categories as needed, and check what's left. That's the 5.0 planner."
786,2026-09-24,1,Android,5.0.1,"I'll return if the import starts working. Currently the bank won't link."
787,2026-09-24,1,Android,5.0.1,"Cleared data, reinstalled, even tried another Android phone in the house. Pennywell still crashes on launch after 5.0. I just want the planner back."
788,2026-09-24,4,iOS,5.0.1,"can't deal with complex stuff. this saved me money anyway."
789,2026-09-24,2,Android,5.0.1,"Regretfully cancelling after the price change."
790,2026-09-24,3,Android,5.0.1,"I linked two accounts and left the rest alone. Totals look right when I compare them to the bank apps. I do not need more than that."
791,2026-09-24,1,iOS,5.0.1,"Transactions stopped."
792,2026-09-24,5,Android,5.0.1,"Kind of helpful."
793,2026-09-24,1,iOS,5.0.1,"Sync failed. Again."
794,2026-09-24,5,Android,5.0.1,"so easy i actualy paid extra this week"
795,2026-09-24,1,iOS,5.0.1,"Asked about a credit union that never appears in the bank list. Got a late template about passwords."
796,2026-09-24,3,Android,5.0.1,"Synced my Ally savings and the 5.0 planner showed the leak right away. Premium at $7.99 a month is the part that stings."
797,2026-09-24,1,iOS,5.0.1,"Login loop bug."
798,2026-09-24,2,Android,5.0.1,"Thank you for eventually replying, but the message didn't address my PNC import error and I still can't reach anyone live."
799,2026-09-25,2,iOS,5.0.1,"Citi disconnects and the reconnect button does nothing useful."
800,2026-09-25,3,iOS,5.0.1,"the budget planner update is the first one i didnt fight with. still not thrilled premium is 7.99."
801,2026-09-25,5,iOS,5.0.1,"Annoyed the old categories were messy. The new planner let me plan ahead, clean moves between categories, and what's left is honest. Staying."
802,2026-09-25,2,Android,5.0.1,"sync is broken 😞 accounts keep falling off."
803,2026-09-25,1,Android,5.0.1,"Can't sync."
804,2026-09-25,5,iOS,5.0.1,"Maybe I'll stick to it now that I can plan ahead and see what's left after moves."
805,2026-09-25,1,iOS,5.0.1,"broke again and suport never wrote back"
806,2026-09-25,5,iOS,5.0.1,"yeah i follow a budget now. the app didn't fight me. savings happened."
807,2026-09-25,2,Android,5.0.1,"Capital One account vanished from the list and won't reconnect."
808,2026-09-25,5,Android,5.0.1,"Nope."
809,2026-09-25,4,Android,5.0.1,"After using it a long time I know the gap: no desktop and no way to export transactions."
810,2026-09-25,1,Android,5.0.1,"My Citi accounts are stuck in there and I can't open the app."
811,2026-09-25,2,iOS,5.0.1,"I'll keep it. Grudgingly. 7.99 is annoying."
812,2026-09-25,1,iOS,5.0.1,"Manual budgeting with extra steps. Thanks Pennywell."
813,2026-09-25,5,iOS,5.0.1,"The new budget planner! Planning ahead, moving money between categories, seeing what's left — yes!"
814,2026-09-25,2,Android,5.0.1,"Stop disconnecting my accounts. Imports are dead."
815,2026-09-25,1,iOS,5.0.1,"Maybe I should budget by not paying you 7.99."
816,2026-09-25,3,iOS,5.0.1,"The absence of a CSV export prevents me from archiving my financial records properly."
817,2026-09-25,1,Android,5.0.1,"wow the bank sync is really thriving. said no one."
818,2026-09-25,3,Android,5.0.1,"Not thrilled 😕 but I'll stay at 7.99"
819,2026-09-26,2,iOS,5.0.1,"banks keep disconecting. import stopped."
820,2026-09-26,1,iOS,5.0.1,"Every reconnect attempt for PNC ends on the login page. Transactions haven't imported in a long while."
821,2026-09-26,2,iOS,5.0.1,"Could someone look at why my Amex credits post twice? The last reply was a general FAQ and there is no chat to clarify."
822,2026-09-26,2,iOS,5.0.1,"The longer I've used it, the more I notice support is the part that fails: slow, canned, unreachable."
823,2026-09-26,4,iOS,5.0.1,"goood enough"
824,2026-09-26,5,Android,5.0.1,"planning ahead in 5.0 then moving money and seeing what's left 😌 finally"
825,2026-09-26,1,Android,5.0.1,"Nothing says financial wellness like a surprise 7.99."
826,2026-09-26,2,Android,5.0.1,"App is usable. Support is not. Days of delay, stock text, no phone."
827,2026-09-26,4,Android,5.0.1,"We'd stay forever if families could share a budget properly."
828,2026-09-26,2,iOS,5.0.1,"days without an answer then a canned blob. i hate this."
829,2026-09-26,1,Android,5.0.1,"Customer support speedrun: wait forever, paste FAQ, disappear."
830,2026-09-26,4,Android,5.0.1,"Thank you for an app I can actually use to save 👍"
831,2026-09-26,5,iOS,5.0.1,"used it for ages. 5.0 budget planner is what i wanted, planning ahead moving money between categories and seeing what's left without extra taps."
832,2026-09-27,2,iOS,5.0.1,"Unable to log in because the code does not arrive."
833,2026-09-27,1,iOS,5.0.1,"Connection dropped again 😑"
834,2026-09-27,5,iOS,5.0.1,"conected my pnc and the planner lets me plan ahead move money between categories and see whats left. realy good"
835,2026-09-27,1,Android,5.0.1,"Reconnecting is a joke. It loops and imports nothing."
836,2026-09-27,1,Android,5.0.1,"please fix, it crashs when i open the planner"
837,2026-09-27,2,iOS,5.0.1,"Been patient but the code still never arrives by text or emial. Cant see my budget."
838,2026-09-27,4,iOS,5.0.1,"My husband wants the numbers in a spreadsheet and I can't get them out of Pennywell."
839,2026-09-27,4,Android,5.0.1,"helpped me save because its easy"
840,2026-09-27,5,iOS,5.0.1,"saved even when i was wiped out 💤"
841,2026-09-27,1,Android,5.0.1,"Stop pushing updates that make the app crash on launch."
842,2026-09-27,1,iOS,5.0.1,"app was fine until the connection dropped. support hasnt helped at all, just a canned message."
843,2026-09-27,1,Android,5.0.1,"I only have one checking account and even that won't stay connected. The app asks me to log in, then sends me straight back. No transactions appear, so the budgets are all wrong. Very disappointing after relying on it."
844,2026-09-27,1,Android,5.0.1,"android user here. 5.0 = instant crash. stop billing me $7.99."
845,2026-09-27,1,iOS,5.0.1,"Tried to add my credit union and the sync failed immediately. Days later, still no real answer 😩"
846,2026-09-27,4,Android,5.0.1,"ok app"
847,2026-09-27,2,iOS,5.0.1,"Uninstalled after seeing 7.99."
848,2026-09-27,1,Android,5.0.1,"Kindly fix the startup crash."
849,2026-09-27,2,Android,5.0.1,"Stop sending templates."
850,2026-09-27,5,iOS,5.0.1,"seeing progress on the loan keeps me using this easy app"
851,2026-09-27,3,Android,5.0.1,"to expensive now bye"
852,2026-09-27,5,iOS,5.0.1,"Chase app never showed me the whole picture the way I needed. Pennywell pulled it in and laid out a budget I could glance at. I stopped the small leaks and saved for the dentist. Still opening it because it takes seconds."
853,2026-09-27,1,iOS,5.0.1,"Spent twenty minutes logging into my bank just to land on the same screen. Efficient."
854,2026-09-27,1,Android,5.0.1,"Launch screen flashes and then Pennywell is gone."
855,2026-09-27,2,Android,5.0.1,"Support? ❌"
856,2026-09-27,3,iOS,5.0.1,"Fun to use alone, awkward the second another human pays a bill."
857,2026-09-27,2,iOS,5.0.1,"trasactions dont import and login loops. fix this junk."
858,2026-09-28,2,Android,5.0.1,"Import halted."
859,2026-09-28,4,iOS,5.0.1,"If you only open one screen, make it the new budget planner. Planning ahead, moving money between categories, and seeing what's left is the whole job, done well."
860,2026-09-28,2,Android,5.0.1,"Citi won't link. I tap connect and land on login again."
861,2026-09-28,5,Android,5.0.1,"debt payoff mode on and the app is simple 🙌"
862,2026-09-28,5,iOS,5.0.1,"Our family budget at the credit union is finally something we follow, thanks to how clear Pennywell is."
863,2026-09-28,1,iOS,5.0.1,"Two banks, both disconnected, zero new transactions. Yeah."
864,2026-09-28,1,iOS,5.0.1,"My local bank fails during reconnect and transactions are missing."
865,2026-09-28,2,iOS,5.0.1,"I was just trying to update my balances. Instead the bank disconnected and won't come back."
866,2026-09-28,3,iOS,5.0.1,"I'll stay a little longer because moving history is a pain, but I'm annoyed they went from 4.99 to 7.99 and it no longer feels like a deal."
867,2026-09-28,2,iOS,5.0.1,"Disconnects nonstop."
868,2026-09-28,1,Android,5.0.1,"I only needed to open the planner for payday and Pennywell crashed again."
869,2026-09-28,2,iOS,5.0.1,"There is no chat and no phone. Email takes days and does not solve the sync problem."
870,2026-09-28,1,iOS,5.0.1,"Ally bank wont update and i cant even see new charges. support sent the same canned reply twice."
871,2026-09-29,1,iOS,5.0.1,"Please look at the PNC connection. It broke and I've only received an automated note so far."
872,2026-09-29,1,Android,5.0.1,"Used this for years with USAA and never had a launch crash until 5.0. Now it won't stay open on Android and the monthly $7.99 keeps coming out."
873,2026-09-29,1,Android,5.0.1,"No transactions 😭 sync broke."
874,2026-09-29,4,Android,5.0.1,"Thanks for the clean design. Now let my family in with their own logins."
875,2026-09-29,4,iOS,5.0.1,"I love planning ahead in Pennywell now. Moving money between categories is instant and what's left updates right away."
876,2026-09-29,5,iOS,5.0.1,"pennywell is easy to use and i stuck to my budjet for food and gas"
877,2026-09-29,4,Android,5.0.1,"Late night check: opened the 5.0 planner, adjusted the stretch ahead, moved a little from fun money, saw what's left. Reassuring."
878,2026-09-29,1,Android,5.0.1,"Kindly fix the account linking. It currently fails."
879,2026-09-29,4,iOS,5.0.1,"If a second login ever shows up for one shared budget, I'll be first to turn it on."
880,2026-09-29,2,iOS,5.0.1,"Slow support, canned words, nowhere to call."
881,2026-09-29,2,iOS,5.0.1,"Sync is hit or miss but when it hits I am happy."
882,2026-09-29,5,iOS,5.0.1,"Student budget is tiny. 5.0 planner helps me plan ahead, move money from snacks to transit, and see what's left so I don't overdraft my campus bank."
883,2026-09-29,1,Android,5.0.1,"Worth it at 4.99. Not at 7.99. Cancelled."
884,2026-09-29,2,Android,5.0.1,"I have recommended Pennywell to friends because it made bank connections simple. After 5.0 I cannot recommend it, since it crashes on launch on Android. I hope this is temporary."
885,2026-09-29,1,Android,5.0.1,"Chase login loop is endless. I never get transactions imported anymore."
886,2026-09-30,2,Android,5.0.1,"Sync won't work."
887,2026-09-30,5,iOS,5.0.1,"Grocery budget held and the extra went straight to the card."
888,2026-09-30,3,Android,5.0.1,"cancelling 👋 7.99 is steep"
889,2026-09-30,1,iOS,5.0.1,"Don't bother writing them. You'll wait and get nothing."
890,2026-09-30,2,iOS,5.0.1,"Disconnecting banks is the only feature that still works."
891,2026-09-30,4,Android,5.0.1,"running on empty but the numbers still improved because the app is straightforward."
892,2026-09-30,1,iOS,5.0.1,"New here and already stuck. Sync broke on setup and support hasn't answered, but maybe they'll still fix it 🙂"
893,2026-09-30,2,iOS,5.0.1,"another day, another unanswered ticket."
894,2026-09-30,1,Android,5.0.1,"Can't see my USAA accounts. App crashes on launch."
895,2026-09-30,3,iOS,5.0.1,"A browser version would be a nice upgrade from phone-only budgeting."
896,2026-09-30,3,iOS,5.0.1,"Nothing special. Nothing broken."
897,2026-09-30,2,iOS,5.0.1,"sure"
898,2026-09-30,3,Android,5.0.1,"Please, just a household budget two of us can open."
899,2026-09-30,1,Android,5.0.1,"great app, if your bank never changes and support never sleeps"
900,2026-09-30,1,Android,5.0.1,"5.0 killed the launch."
901,2026-09-30,1,iOS,5.0.1,"My ticket about duplicate Bank of America accounts was closed with a script. That is not support."
902,2026-09-30,1,Android,5.0.1,"Transactions are not importing and my bank will not remain linked."
903,2026-09-30,2,iOS,5.0.1,"This started with one account dropping. Now all of them disconnect and reconnecting is a loop. I used Pennywell to track every purchase automatically. Without imports I might as well use a notebook."
904,2026-10-01,1,iOS,5.0.1,"no sync, no help. canned reply after days. done."
905,2026-10-01,1,Android,5.0.1,"nothing has imported. bank keeps dropping."
906,2026-10-01,1,iOS,5.0.1,"suport still hasnt fixed my chase connection. only canned replies, no phone."
907,2026-10-01,4,Android,5.0.1,"Still learning it. Feels promising."
908,2026-10-01,5,iOS,5.0.1,"Steady improvement. I've planned the stretch ahead twice already, moved money between categories, and the what's-left view matches my bank."
909,2026-10-01,1,iOS,5.0.1,"Really want this fixed. The disconnects ruined my tracking."
910,2026-10-01,1,iOS,5.0.1,"Used this for years and the bank sync suddenly stopped on both of my accounts. I wasn't doing anything fancy, just categorizing groceries. Support hasn't helped: no answer for days, then a canned reply that doesn't mention my bank at all."
911,2026-10-01,1,Android,5.0.1,"opned the planner and it died"
912,2026-10-01,1,Android,5.0.1,"please bring back a version that actually opens"
913,2026-10-01,4,Android,5.0.1,"Ship a spreadsheet export and I'll stop complaining."
914,2026-10-01,4,iOS,5.0.1,"Please add a web verstion so I can sort transactions on a real keyboard."
915,2026-10-01,1,iOS,5.0.1,"I connected a local bank and Discover, then a whole month of spending disappeared from the budget. I wrote a careful note. Days later the reply was a canned checklist that didn't mention missing history. With no chat and no phone, I have no next step. That is why this review exists."
916,2026-10-01,1,Android,5.0.1,"The planner is so fast now. It closes the app before I can use it."
917,2026-10-01,3,Android,5.0.1,"Pennywell does the bank connection well. I just want my transactions in a spreadsheet or on the web."
918,2026-10-01,5,iOS,5.0.1,"Can I move money and still see what's left? Yes. The new planner also handles planning ahead. That's why it stays installed."
919,2026-10-01,4,Android,5.0.1,"i might actually finish paying this off the app makes it easy to stay on track"
920,2026-10-01,1,iOS,5.0.1,"Come on, fix the sync 🤞"
921,2026-10-01,2,Android,5.0.1,"Still here hoping bank sync gets fixed soon."
922,2026-10-01,2,iOS,5.0.1,"sync is totaly broken. wont import."
923,2026-10-01,2,Android,5.0.1,"Love when my accounts randomly unlink. Really builds trust."
924,2026-10-01,3,iOS,5.0.1,"Wanted to tag reimbursable work expenses in Excel. No export from the app, so that plan died."
925,2026-10-01,1,Android,5.0.1,"PNC transactions stopped and reconnect does not succeed."
926,2026-10-01,3,iOS,5.0.1,"Used it to split rent and groceries after connecting Capital One. Version 5.0's planner is genuinely better than what I was doing in a notebook. Then I saw Premium is $7.99 and laughed, not in a fun way."
927,2026-10-01,2,iOS,5.0.1,"Still waiting on a real reply about USAA, thanks 🙂"
928,2026-10-01,4,iOS,5.0.1,"Planner in 5.0 works. Please don't make $7.99 the only way to keep it 🙏"
929,2026-10-02,4,Android,5.0.1,"Quietly excellent. The planner shows the stretch ahead, category moves, and what's left without noise."
930,2026-10-02,1,Android,5.0.1,"Thanks for the update that crashes on launch 👍"
931,2026-10-02,5,Android,5.0.1,"I linked a local bank and a card and Pennywell kept both visible without clutter. Setting the budget took one sitting. Since then I've saved regularly and knocked down a personal loan. The ease is why I didn't quit."
932,2026-10-02,5,Android,5.0.1,"the new budjet planner is solid i plan ahead shift money between categarys and see whats left"
933,2026-10-02,4,iOS,5.0.1,"I wanted alerts. I got alerts. Moving on."
934,2026-10-02,5,iOS,5.0.1,"yay the planner. i can plan ahead move cash between categories and see what's left without a headache"
935,2026-10-02,4,Android,5.0.1,"I'll keep using it solo and paste totals into a note for my partner. Not ideal."
936,2026-10-02,1,Android,5.0.1,"Ridiculous reconnect bug. My spending data is gone from the feed."
937,2026-10-02,1,Android,5.0.1,"i keep trying to reconnect and it just loops. transactions never show."
938,2026-10-02,1,Android,5.0.1,"Pixel 7, crashes immediately after the 5.0 update."
939,2026-10-02,1,Android,5.0.1,"canned reply after days. useless."
940,2026-10-02,4,iOS,5.0.1,"need shared login for my spouse."
941,2026-10-02,1,iOS,5.0.1,"Unable to reconnect my bank."
942,2026-10-02,2,Android,5.0.1,"used this forever and now the bank link is just broken."
943,2026-10-02,2,Android,5.0.1,"Loops forever."
944,2026-10-02,1,Android,5.0.1,"Sync is brokn."
945,2026-10-02,1,iOS,5.0.1,"sure, i'll just retype my whole bank history. no problem."
946,2026-10-02,2,iOS,5.0.1,"If they restore the bank connection I'll happily keep paying. Right now it fails."
947,2026-10-02,2,iOS,5.0.1,"The app would be good if accounts stayed connected. They don't."
948,2026-10-02,2,iOS,5.0.1,"I'll stay if a person can actually help with the Capital One reconnect. Right now it's only canned mail."
949,2026-10-02,2,Android,5.0.1,"Pass."
950,2026-10-02,5,iOS,5.0.1,"We argue less. The budget planner lets us plan ahead, move money between categories in the open, and both see what's left. Update was worth it."
951,2026-10-02,2,Android,5.0.1,"I'm not a power user, I just track groceries. Even so, when the feed broke I deserved more than a delayed form letter."
952,2026-10-02,2,iOS,5.0.1,"My partner and I shared a login vibe for bills. We won't split 7.99."
953,2026-10-02,1,Android,5.0.1,"Trash update. Crashes."
954,2026-10-02,1,Android,5.0.1,"wells fargo disconected and transactions stopped. ugh."
955,2026-10-03,5,Android,5.0.1,"congratulations to me for using the non-confusing app and not being broke."
956,2026-10-03,1,iOS,5.0.1,"cant get past the logn screen. sync broken."
957,2026-10-03,5,Android,5.0.1,"wow it's easy and i have savings i didn't plan this well"
958,2026-10-03,1,Android,5.0.1,"Login loop 🔥 nothing imports."
959,2026-10-03,1,iOS,5.0.1,"I don't have the energy to fight the login screen again."
960,2026-10-03,4,iOS,5.0.1,"thankyou for the 5.0 planner. planing ahead, moving money between categories, seeing whats left changed my week."
961,2026-10-03,2,Android,5.0.1,"yeah i'm cancelling. 7.99 is just too much this year"
962,2026-10-03,5,Android,5.0.1,"Planning the stretch ahead and moving money between categories until I see what's left — love the new planner 💙"
963,2026-10-03,1,iOS,5.0.1,"Fix the sync and I'm back."
964,2026-10-03,2,iOS,5.0.1,"How many days does a simple category question need? And why is the answer copied?"
965,2026-10-03,4,iOS,5.0.1,"saved money. easy. done."
966,2026-10-03,4,Android,5.0.1,"single player budgeting in a two income house 🎯"
967,2026-10-03,1,Android,5.0.1,"Imports dead. App is useless."
968,2026-10-04,1,Android,5.0.1,"Won't stay linked."
969,2026-10-04,1,Android,5.0.1,"pls fix the 5.0 crash on android, i cant even get in and im still at $7.99"
970,2026-10-04,1,Android,5.0.1,"Credit union connection broke and every retry loops."
971,2026-10-04,2,Android,5.0.1,"App's decent, price isn't. Leaving premium."
972,2026-10-04,1,iOS,5.0.1,"Broken connection."
973,2026-10-04,1,Android,5.0.1,"Nothing builds a budget like missing every transaction from your bank."
974,2026-10-04,1,iOS,5.0.1,"Navy Federal and a savings account both dropped. Reconnecting fails outright."
975,2026-10-04,3,iOS,5.0.1,"The forecasts are smart. Imagine them on a budget both parents can edit."
976,2026-10-04,1,iOS,5.0.1,"I want to like this app. Please let a human answer instead of a template, and maybe add chat."
977,2026-10-04,5,Android,5.0.1,"wher is the family share. two logins. do it."
978,2026-10-04,1,iOS,5.0.1,"I have tried on wifi and on cellular. Same result. The bank asks me to sign in, then Pennywell returns to the login screen and the account stays disconnected. No transactions have imported since the failure started."
979,2026-10-04,2,iOS,5.0.1,"7.99 killed it."
980,2026-10-04,4,iOS,5.0.1,"been here forever and 5.0's planner is the one i tell friends about: plan the stretch ahead, move money, see what's left."
981,2026-10-04,2,iOS,5.0.1,"Again? 😫 accounts disconnected."
982,2026-10-04,5,iOS,5.0.1,"Seems decent to me."
983,2026-10-04,2,iOS,5.0.1,"The notifications helped me catch a duplicate charge once, which almost justifies staying. Almost. Charging 7.99 instead of 4.99 still feels off, so I'm annoyed and on the fence."
984,2026-10-04,3,iOS,5.0.1,"no desktop no csv im out of patience"
985,2026-10-04,1,iOS,5.0.1,"App asks for a code then ghosts me. Can't log into anything."
986,2026-10-04,2,iOS,5.0.1,"The suspense of waiting for a non-answer is thrilling."
987,2026-10-04,1,Android,5.0.1,"Accounts keep falling off."
988,2026-10-04,2,Android,5.0.1,"A blank budget is such a unique feature."
989,2026-10-04,2,Android,5.0.1,"reconnect fails for bank of america. back to the login screen every time."
990,2026-10-04,1,iOS,5.0.1,"Stop sending me back to login. Just import the transactions."
991,2026-10-04,2,Android,5.0.1,"Ally and a local checking both synced fine. The fee doesn't."
992,2026-10-04,4,Android,5.0.1,"Plan. Move. Left. Good."
993,2026-10-04,5,Android,5.0.1,"Chipper about this update. Plan ahead, scoot money across categories, peek at what's left. Done."
